Epoch Time,Processing Source,f,varianceDensity
1790294400,hdr,0.0293;0.03906;0.04883;0.05859;0.06836;0.07813;0.08789;0.09766;0.10742;0.11719;0.12695;0.13672;0.14648;0.15625;0.16602;0.17578;0.18555;0.19531;0.20508;0.21484;0.22461;0.23438;0.24414;0.25391;0.26367;0.27344;0.2832;0.29297;0.30273;0.3125;0.32227;0.33203;0.3418;0.35156;0.36133;0.37109;0.38086;0.39063;0.40039;0.41016;0.41992;0.42969;0.43945;0.44922;0.45898;0.46875;0.47852;0.48828;0.49805;0.50781;0.51758;0.52734;0.53711;0.54688;0.55664;0.56641;0.57617;0.58594;0.5957;0.60547;0.61523;0.625;0.63477;0.64453;0.6543;0.66406;0.67383;0.68359;0.69336;0.70313;0.71289;0.72266;0.73242;0.74219;0.75195;0.76172;0.77148;0.78125;0.79102,0.00167936;0.0025917439999999996;0.002924544;0.00351744;0.04171571200000001;0.18782105600000001;0.30153728;0.40139776;0.738510848;0.871566336;0.6438973439999999;0.568966144;0.354895872;0.304169984;0.237314048;0.18478899199999999;0.166619136;0.159384576;0.152544256;0.10911232;0.14912512;0.09517568;0.051830784;0.053729280000000004;0.061437952000000004;0.067668992;0.056587264;0.03463884800000001;0.032536576;0.02019328;0.024580096000000003;0.019195904;0.015033343999999999;0.010081279999999998;0.011660287999999998;0.01277952;0.016082944000000002;0.012407808;0.015602688;0.010422272;0.010756096;0.013726720000000001;0.010944511999999998;0.007144447999999999;0.010329088;0.00944128;0.005620736;0.004609024;0.005950464;0.0046540800000000005;0.004600831999999999;0.00297472;0.002154496;0.0027402240000000003;0.003894272;0.00391168;0.002823168;0.002412544;0.001895424;0.002284544;0.002753536;0.00397312;0.0028190719999999997;0.001659904;0.002138112;0.001513472;0.0015114240000000001;0.0012113920000000002;0.001048576;0.0009717759999999999;0.0009431040000000001;0.000628736;0.000690176;0.0009349119999999999;0.000899072;0.0006840319999999999;0.000643072;0.0006830079999999999;0.000528384
1790295300,hdr,0.0293;0.03906;0.04883;0.05859;0.06836;0.07813;0.08789;0.09766;0.10742;0.11719;0.12695;0.13672;0.14648;0.15625;0.16602;0.17578;0.18555;0.19531;0.20508;0.21484;0.22461;0.23438;0.24414;0.25391;0.26367;0.27344;0.2832;0.29297;0.30273;0.3125;0.32227;0.33203;0.3418;0.35156;0.36133;0.37109;0.38086;0.39063;0.40039;0.41016;0.41992;0.42969;0.43945;0.44922;0.45898;0.46875;0.47852;0.48828;0.49805;0.50781;0.51758;0.52734;0.53711;0.54688;0.55664;0.56641;0.57617;0.58594;0.5957;0.60547;0.61523;0.625;0.63477;0.64453;0.6543;0.66406;0.67383;0.68359;0.69336;0.70313;0.71289;0.72266;0.73242;0.74219;0.75195;0.76172;0.77148;0.78125;0.79102,0.0027648;0.0034109440000000004;0.0036280320000000002;0.004271104;0.032096256;0.25819852800000004;0.4987648;0.48204697599999996;0.4535552;0.7826728960000001;0.7695093759999999;0.44313497599999996;0.31684812799999995;0.31986176;0.22521651199999998;0.19164467200000002;0.20195020800000002;0.178624512;0.15266816;0.129856512;0.104793088;0.08433561599999999;0.073104384;0.057965568;0.03049984;0.04635648;0.054147072;0.027652096;0.017912832000000004;0.01998848;0.015131648000000001;0.022441984;0.016595968;0.009162751999999998;0.017820672;0.01439744;0.011573248;0.01355776;0.009437184000000001;0.008057855999999999;0.008984576000000001;0.006665216000000001;0.006884352;0.00653312;0.005132288;0.00540672;0.004555776;0.004939776;0.003939328;0.003068928;0.003965952;0.0038799359999999996;0.005240832;0.004400128;0.002809856;0.002563072;0.0035276800000000005;0.002368512;0.0014929920000000003;0.00119808;0.00195072;0.002464768;0.002419712;0.001970176;0.001509376;0.0021606399999999997;0.0023265280000000004;0.001721344;0.000980992;0.0017766400000000001;0.0016291839999999999;0.0009482239999999999;0.001096704;0.000950272;0.0010291200000000001;0.0009758719999999999;0.000979968;0.0010178560000000001;0.0008110079999999999
1790296200,hdr,0.0293;0.03906;0.04883;0.05859;0.06836;0.07813;0.08789;0.09766;0.10742;0.11719;0.12695;0.13672;0.14648;0.15625;0.16602;0.17578;0.18555;0.19531;0.20508;0.21484;0.22461;0.23438;0.24414;0.25391;0.26367;0.27344;0.2832;0.29297;0.30273;0.3125;0.32227;0.33203;0.3418;0.35156;0.36133;0.37109;0.38086;0.39063;0.40039;0.41016;0.41992;0.42969;0.43945;0.44922;0.45898;0.46875;0.47852;0.48828;0.49805;0.50781;0.51758;0.52734;0.53711;0.54688;0.55664;0.56641;0.57617;0.58594;0.5957;0.60547;0.61523;0.625;0.63477;0.64453;0.6543;0.66406;0.67383;0.68359;0.69336;0.70313;0.71289;0.72266;0.73242;0.74219;0.75195;0.76172;0.77148;0.78125;0.79102,0.003373056;0.008964096;0.005985280000000001;0.0046991360000000005;0.02915328;0.093119488;0.222783488;0.39655219199999997;0.539654144;0.5877043200000001;0.673451008;0.692315136;0.5263523840000001;0.41968537600000005;0.28701388800000005;0.25407692800000004;0.202179584;0.176647168;0.099628032;0.07063347199999999;0.08659353600000001;0.049368063999999996;0.05084467200000001;0.044913664;0.043920384;0.05125017600000001;0.051186687999999994;0.030288896;0.017943551999999998;0.019851264;0.022796288;0.022019072;0.019858432000000002;0.007261184;0.012684288;0.011875328;0.010307584000000002;0.011197440000000001;0.008647679999999998;0.008792064;0.008242176000000002;0.0072785919999999995;0.004796416;0.006827008;0.005859328;0.003745792;0.003511296;0.005075968;0.0034181119999999996;0.002316288;0.0025251839999999998;0.0025671680000000003;0.002914304;0.002579456;0.002377728;0.003447808;0.004314112;0.0035686399999999997;0.00305664;0.001867776;0.001229824;0.0013393919999999998;0.0012748800000000002;0.0011909120000000001;0.0012441599999999998;0.001388544;0.0009758719999999999;0.0012441599999999998;0.00119808;0.0008366080000000001;0.001189888;0.001101824;0.00101376;0.000740352;0.000731136;0.0006912;0.001033216;0.000903168;0.0005754880000000001
1790297100,hdr,0.0293;0.03906;0.04883;0.05859;0.06836;0.07813;0.08789;0.09766;0.10742;0.11719;0.12695;0.13672;0.14648;0.15625;0.16602;0.17578;0.18555;0.19531;0.20508;0.21484;0.22461;0.23438;0.24414;0.25391;0.26367;0.27344;0.2832;0.29297;0.30273;0.3125;0.32227;0.33203;0.3418;0.35156;0.36133;0.37109;0.38086;0.39063;0.40039;0.41016;0.41992;0.42969;0.43945;0.44922;0.45898;0.46875;0.47852;0.48828;0.49805;0.50781;0.51758;0.52734;0.53711;0.54688;0.55664;0.56641;0.57617;0.58594;0.5957;0.60547;0.61523;0.625;0.63477;0.64453;0.6543;0.66406;0.67383;0.68359;0.69336;0.70313;0.71289;0.72266;0.73242;0.74219;0.75195;0.76172;0.77148;0.78125;0.79102,0.004463616;0.013257728000000002;0.011467776;0.00392704;0.01992704;0.106713088;0.333826048;0.47346688;0.493331456;0.349640704;0.799494144;0.965323776;0.400201728;0.23905279999999998;0.265508864;0.2688512;0.160574464;0.15378944;0.106228736;0.10586419200000001;0.14580326400000002;0.12979404800000002;0.060660736;0.050953216;0.048297983999999995;0.04337254399999999;0.041043968;0.0445696;0.033332223999999994;0.024999936;0.022952959999999998;0.016029696000000003;0.014784512;0.01257984;0.014615552;0.011370495999999999;0.010344448000000001;0.010047487999999999;0.010676224;0.010739712000000002;0.0064696319999999995;0.003040256;0.00321536;0.005516288;0.009917439999999998;0.005527552;0.0032849919999999996;0.005398528;0.004624384;0.0037898240000000002;0.003550208;0.002972672;0.004001792;0.004745216;0.004195328;0.0028723200000000003;0.001924096;0.002241536;0.0021370879999999997;0.0025835520000000002;0.0028753920000000005;0.003064832;0.0027648;0.0013557760000000002;0.001040384;0.0016066560000000001;0.001847296;0.001238016;0.001137664;0.001440768;0.0014991359999999999;0.001302528;0.0008744960000000001;0.0008366080000000001;0.001043456;0.001137664;0.000896;0.000823296;0.0007229440000000001
1790298000,hdr,0.0293;0.03906;0.04883;0.05859;0.06836;0.07813;0.08789;0.09766;0.10742;0.11719;0.12695;0.13672;0.14648;0.15625;0.16602;0.17578;0.18555;0.19531;0.20508;0.21484;0.22461;0.23438;0.24414;0.25391;0.26367;0.27344;0.2832;0.29297;0.30273;0.3125;0.32227;0.33203;0.3418;0.35156;0.36133;0.37109;0.38086;0.39063;0.40039;0.41016;0.41992;0.42969;0.43945;0.44922;0.45898;0.46875;0.47852;0.48828;0.49805;0.50781;0.51758;0.52734;0.53711;0.54688;0.55664;0.56641;0.57617;0.58594;0.5957;0.60547;0.61523;0.625;0.63477;0.64453;0.6543;0.66406;0.67383;0.68359;0.69336;0.70313;0.71289;0.72266;0.73242;0.74219;0.75195;0.76172;0.77148;0.78125;0.79102,0.0014346239999999998;0.007857152;0.010157056000000001;0.010545152;0.030979072;0.09955328;0.29429964799999997;0.5891962879999999;0.746025984;0.47051878399999997;0.315492352;0.48367104;0.436726784;0.221759488;0.17385984;0.240480256;0.189770752;0.17654988800000002;0.128932864;0.146143232;0.147791872;0.089785344;0.06643302400000001;0.084278272;0.04899328;0.045886464;0.075281408;0.052066304;0.028660736;0.020212736000000002;0.015858688;0.010829824;0.012423168;0.014059519999999999;0.01208832;0.012407808;0.009423872;0.009193472;0.0063569920000000005;0.00651264;0.006470656;0.007717888;0.0070297599999999995;0.006370304;0.004837376;0.004489216;0.003254272;0.003306496;0.003103744;0.001974272;0.002909184;0.003411968;0.0032942079999999994;0.0034027519999999998;0.00253952;0.002638848;0.0025825279999999997;0.002419712;0.002015232;0.001770496;0.001601536;0.0020254720000000004;0.001627136;0.0016711679999999998;0.0013393919999999998;0.0017489920000000002;0.001562624;0.001307648;0.001212416;0.0010721279999999999;0.000941056;0.001133568;0.0007075839999999999;0.0006737919999999999;0.0007219199999999999;0.00115712;0.00123904;0.000854016;0.000647168
1790298900,hdr,0.0293;0.03906;0.04883;0.05859;0.06836;0.07813;0.08789;0.09766;0.10742;0.11719;0.12695;0.13672;0.14648;0.15625;0.16602;0.17578;0.18555;0.19531;0.20508;0.21484;0.22461;0.23438;0.24414;0.25391;0.26367;0.27344;0.2832;0.29297;0.30273;0.3125;0.32227;0.33203;0.3418;0.35156;0.36133;0.37109;0.38086;0.39063;0.40039;0.41016;0.41992;0.42969;0.43945;0.44922;0.45898;0.46875;0.47852;0.48828;0.49805;0.50781;0.51758;0.52734;0.53711;0.54688;0.55664;0.56641;0.57617;0.58594;0.5957;0.60547;0.61523;0.625;0.63477;0.64453;0.6543;0.66406;0.67383;0.68359;0.69336;0.70313;0.71289;0.72266;0.73242;0.74219;0.75195;0.76172;0.77148;0.78125;0.79102,0.001247232;0.001741824;0.001552384;0.004389888;0.025746431999999996;0.16813772800000001;0.450678784;0.5252710399999999;0.6199347199999999;0.701244416;0.5356861439999999;0.44231168000000004;0.29065523200000004;0.27122483199999997;0.39006208;0.26995712;0.15489638400000003;0.09897369600000001;0.15836569600000003;0.14874112;0.12047052800000001;0.08558592;0.053310464;0.052715519999999995;0.04228096;0.03966361599999999;0.040426496;0.03567104;0.01898496;0.027445248;0.034692096;0.020555776;0.011961344;0.014375935999999999;0.012126208000000001;0.008270848000000003;0.009992191999999999;0.013195264;0.012497920000000001;0.009350144;0.010558464;0.008195072;0.006511616;0.004588544;0.003011584;0.005024768;0.004545536;0.0034488319999999998;0.0041492479999999995;0.004765696;0.004134912;0.0042434560000000005;0.002840576;0.002850816;0.002229248;0.0030412800000000004;0.0025374720000000003;0.0025907200000000003;0.0028672;0.0024637440000000004;0.00160256;0.002118656;0.001876992;0.0016097280000000002;0.001601536;0.001741824;0.001452032;0.000555008;0.00077824;0.0010178560000000001;0.001251328;0.001074176;0.0008192000000000001;0.0009697280000000001;0.0007495679999999999;0.00041779199999999995;0.0007352319999999999;0.000723968;0.000561152
1790299800,hdr,0.0293;0.03906;0.04883;0.05859;0.06836;0.07813;0.08789;0.09766;0.10742;0.11719;0.12695;0.13672;0.14648;0.15625;0.16602;0.17578;0.18555;0.19531;0.20508;0.21484;0.22461;0.23438;0.24414;0.25391;0.26367;0.27344;0.2832;0.29297;0.30273;0.3125;0.32227;0.33203;0.3418;0.35156;0.36133;0.37109;0.38086;0.39063;0.40039;0.41016;0.41992;0.42969;0.43945;0.44922;0.45898;0.46875;0.47852;0.48828;0.49805;0.50781;0.51758;0.52734;0.53711;0.54688;0.55664;0.56641;0.57617;0.58594;0.5957;0.60547;0.61523;0.625;0.63477;0.64453;0.6543;0.66406;0.67383;0.68359;0.69336;0.70313;0.71289;0.72266;0.73242;0.74219;0.75195;0.76172;0.77148;0.78125;0.79102,0.002618368;0.00536576;0.004880384;0.006260736;0.039343104;0.222061568;0.624080896;0.650927104;0.47633612799999997;0.510322688;0.689675264;0.732862464;0.517769216;0.296751104;0.238297088;0.31493017600000006;0.298395648;0.15740211199999998;0.153188352;0.142813184;0.110476288;0.07943270399999999;0.075108352;0.050223104;0.03421491199999999;0.028567552;0.044447744;0.03529318399999999;0.029415424000000003;0.0135936;0.021699584;0.021702656000000004;0.017953792;0.014274559999999999;0.017886207999999997;0.015156224;0.01352192;0.010376192;0.0074874880000000005;0.013692928;0.011126784;0.006233088;0.004154367999999999;0.0037888;0.002857984;0.003081216;0.004061184;0.0053688320000000005;0.004992;0.0023111679999999997;0.00215552;0.002176;0.002486272;0.0024227840000000003;0.00176128;0.001882112;0.002555904;0.002801664;0.0019527680000000001;0.001429504;0.0018995200000000002;0.0021606399999999997;0.00209408;0.0014561280000000001;0.000719872;0.000758784;0.001007616;0.0014561280000000001;0.001509376;0.001050624;0.0009021439999999999;0.001273856;0.0014346239999999998;0.001708032;0.001362944;0.0014817279999999999;0.000761856;0.0007495679999999999;0.0008366080000000001
1790300700,hdr,0.0293;0.03906;0.04883;0.05859;0.06836;0.07813;0.08789;0.09766;0.10742;0.11719;0.12695;0.13672;0.14648;0.15625;0.16602;0.17578;0.18555;0.19531;0.20508;0.21484;0.22461;0.23438;0.24414;0.25391;0.26367;0.27344;0.2832;0.29297;0.30273;0.3125;0.32227;0.33203;0.3418;0.35156;0.36133;0.37109;0.38086;0.39063;0.40039;0.41016;0.41992;0.42969;0.43945;0.44922;0.45898;0.46875;0.47852;0.48828;0.49805;0.50781;0.51758;0.52734;0.53711;0.54688;0.55664;0.56641;0.57617;0.58594;0.5957;0.60547;0.61523;0.625;0.63477;0.64453;0.6543;0.66406;0.67383;0.68359;0.69336;0.70313;0.71289;0.72266;0.73242;0.74219;0.75195;0.76172;0.77148;0.78125;0.79102,0.0020879360000000003;0.0037611520000000002;0.007451647999999999;0.008761343999999999;0.03275264;0.14194892799999997;0.602374144;0.7002603519999999;0.540248064;0.855932928;0.924301312;0.648505344;0.385179648;0.20477440000000002;0.241907712;0.27614412800000004;0.26425036799999996;0.232935424;0.178678784;0.16058368;0.170103808;0.197312512;0.091967488;0.058323968000000004;0.042962944;0.062486528;0.046258176;0.022443007999999997;0.023818239999999997;0.036765695999999994;0.026703872;0.012621824;0.017144832000000002;0.011634688;0.010830848;0.008564736000000002;0.008869888;0.006349824;0.00687104;0.007204863999999999;0.004950016;0.0045670400000000005;0.005954559999999999;0.007399424;0.008065023999999999;0.007529472;0.005203968;0.00436736;0.0029880320000000003;0.003847168;0.00424448;0.004360192;0.0037836799999999998;0.00343552;0.0032348159999999997;0.002328576;0.002777088;0.002038784;0.002148352;0.002366464;0.0014274560000000001;0.0012871680000000002;0.001647616;0.002188288;0.001352704;0.000953344;0.001232896;0.001666048;0.0015738879999999998;0.0014274560000000001;0.001195008;0.00089088;0.0007106559999999999;0.001006592;0.0010956800000000001;0.0011284479999999998;0.0006840319999999999;0.000786432;0.00062976
1790301600,hdr,0.0293;0.03906;0.04883;0.05859;0.06836;0.07813;0.08789;0.09766;0.10742;0.11719;0.12695;0.13672;0.14648;0.15625;0.16602;0.17578;0.18555;0.19531;0.20508;0.21484;0.22461;0.23438;0.24414;0.25391;0.26367;0.27344;0.2832;0.29297;0.30273;0.3125;0.32227;0.33203;0.3418;0.35156;0.36133;0.37109;0.38086;0.39063;0.40039;0.41016;0.41992;0.42969;0.43945;0.44922;0.45898;0.46875;0.47852;0.48828;0.49805;0.50781;0.51758;0.52734;0.53711;0.54688;0.55664;0.56641;0.57617;0.58594;0.5957;0.60547;0.61523;0.625;0.63477;0.64453;0.6543;0.66406;0.67383;0.68359;0.69336;0.70313;0.71289;0.72266;0.73242;0.74219;0.75195;0.76172;0.77148;0.78125;0.79102,0.0017356799999999999;0.004153344;0.005103616;0.005906432;0.040918016;0.19920896;0.484027392;0.5005516799999999;0.39142297600000003;0.494485504;0.551518208;0.721646592;0.43784806400000004;0.341453824;0.413888512;0.47071641599999997;0.29430988799999996;0.30659788800000004;0.191635456;0.12056473599999999;0.07162572799999999;0.1230336;0.097614848;0.049375232;0.06565376;0.046920704;0.037873663999999994;0.021349376;0.028338176;0.022913024;0.016668672000000002;0.020760576;0.015309824000000001;0.010519552;0.00817664;0.013516799999999999;0.016957439999999997;0.00967168;0.008259584;0.008642559999999999;0.006597632;0.008997887999999999;0.008551424;0.008054783999999999;0.008523776;0.006662143999999999;0.004059136;0.0035450879999999996;0.003359744;0.0038266879999999995;0.0035829760000000003;0.002864128;0.0029337599999999997;0.0017326079999999998;0.0021667839999999997;0.001907712;0.001687552;0.0021032959999999997;0.002353152;0.001961984;0.001792;0.001800192;0.001957888;0.002116608;0.00187392;0.0015616000000000002;0.000963584;0.00076288;0.0008048640000000001;0.0009472;0.001238016;0.00092672;0.00125952;0.0006789119999999999;0.00073216;0.0006830079999999999;0.0009441279999999999;0.000648192;0.000454656
1790302500,hdr,0.0293;0.03906;0.04883;0.05859;0.06836;0.07813;0.08789;0.09766;0.10742;0.11719;0.12695;0.13672;0.14648;0.15625;0.16602;0.17578;0.18555;0.19531;0.20508;0.21484;0.22461;0.23438;0.24414;0.25391;0.26367;0.27344;0.2832;0.29297;0.30273;0.3125;0.32227;0.33203;0.3418;0.35156;0.36133;0.37109;0.38086;0.39063;0.40039;0.41016;0.41992;0.42969;0.43945;0.44922;0.45898;0.46875;0.47852;0.48828;0.49805;0.50781;0.51758;0.52734;0.53711;0.54688;0.55664;0.56641;0.57617;0.58594;0.5957;0.60547;0.61523;0.625;0.63477;0.64453;0.6543;0.66406;0.67383;0.68359;0.69336;0.70313;0.71289;0.72266;0.73242;0.74219;0.75195;0.76172;0.77148;0.78125;0.79102,0.001990656;0.0054312959999999995;0.007065599999999999;0.007410688;0.039512064000000006;0.219782144;0.44330188800000003;0.32539443199999996;0.41800294400000004;0.6184407040000001;0.702625792;0.5397237760000001;0.497358848;0.479089664;0.293275648;0.24141619199999997;0.167371776;0.221729792;0.183308288;0.207099904;0.191327232;0.10683084799999999;0.06417715200000002;0.059664384;0.046036992;0.045088768;0.040645632;0.040245248;0.055732224000000004;0.03433471999999999;0.028412928;0.025212928;0.02404864;0.019203072;0.013820928;0.012498944;0.0077864959999999995;0.007624704;0.004569088;0.0033536000000000004;0.004383743999999999;0.00669184;0.0065218559999999995;0.006969344;0.00584704;0.005026816;0.005758976;0.004617216;0.004335616;0.004199424;0.003909632;0.0019087359999999999;0.001504256;0.002044928;0.002382848;0.0022097920000000004;0.0021903359999999998;0.002666496;0.001902592;0.001555456;0.00162816;0.0020029439999999996;0.0021370879999999997;0.001306624;0.000964608;0.000945152;0.001031168;0.001289216;0.00149504;0.0008765439999999999;0.000507904;0.000891904;0.00087552;0.000715776;0.0009748480000000001;0.001289216;0.0012707839999999998;0.0006819840000000001;0.000775168
1790303400,hdr,0.0293;0.03906;0.04883;0.05859;0.06836;0.07813;0.08789;0.09766;0.10742;0.11719;0.12695;0.13672;0.14648;0.15625;0.16602;0.17578;0.18555;0.19531;0.20508;0.21484;0.22461;0.23438;0.24414;0.25391;0.26367;0.27344;0.2832;0.29297;0.30273;0.3125;0.32227;0.33203;0.3418;0.35156;0.36133;0.37109;0.38086;0.39063;0.40039;0.41016;0.41992;0.42969;0.43945;0.44922;0.45898;0.46875;0.47852;0.48828;0.49805;0.50781;0.51758;0.52734;0.53711;0.54688;0.55664;0.56641;0.57617;0.58594;0.5957;0.60547;0.61523;0.625;0.63477;0.64453;0.6543;0.66406;0.67383;0.68359;0.69336;0.70313;0.71289;0.72266;0.73242;0.74219;0.75195;0.76172;0.77148;0.78125;0.79102,0.002766848;0.013396991999999998;0.015500288;0.010083327999999999;0.030226432;0.15016550399999998;0.353933312;0.339172352;0.367335424;0.49254502400000005;0.6121175040000001;0.735371264;0.677835776;0.519948288;0.405376;0.25091072;0.32332288;0.278324224;0.19325952000000002;0.205611008;0.141886464;0.13137203199999997;0.07777894399999999;0.07916748800000001;0.066955264;0.08801689600000001;0.06427955199999999;0.035408896;0.019847168000000002;0.019833856;0.019658752;0.016913407999999998;0.018142208;0.011715584;0.009782272000000002;0.0070246399999999995;0.008785920000000001;0.012798976;0.01094144;0.010569727999999999;0.009076736;0.007272447999999999;0.005512192;0.005945344;0.005423104000000001;0.005755904;0.006883327999999999;0.006219776000000001;0.0048128;0.0036864000000000003;0.00265728;0.002184192;0.001726464;0.001542144;0.0023265280000000004;0.003807232;0.004424704000000001;0.002105344;0.001680384;0.001874944;0.0014632959999999998;0.001158144;0.0020756480000000002;0.001258496;0.001343488;0.001649664;0.0010721279999999999;0.0014110720000000002;0.00158208;0.00146944;0.001234944;0.0010752000000000001;0.00064512;0.000637952;0.00089088;0.000905216;0.0006000640000000001;0.00063488;0.000630784
1790304300,hdr,0.0293;0.03906;0.04883;0.05859;0.06836;0.07813;0.08789;0.09766;0.10742;0.11719;0.12695;0.13672;0.14648;0.15625;0.16602;0.17578;0.18555;0.19531;0.20508;0.21484;0.22461;0.23438;0.24414;0.25391;0.26367;0.27344;0.2832;0.29297;0.30273;0.3125;0.32227;0.33203;0.3418;0.35156;0.36133;0.37109;0.38086;0.39063;0.40039;0.41016;0.41992;0.42969;0.43945;0.44922;0.45898;0.46875;0.47852;0.48828;0.49805;0.50781;0.51758;0.52734;0.53711;0.54688;0.55664;0.56641;0.57617;0.58594;0.5957;0.60547;0.61523;0.625;0.63477;0.64453;0.6543;0.66406;0.67383;0.68359;0.69336;0.70313;0.71289;0.72266;0.73242;0.74219;0.75195;0.76172;0.77148;0.78125;0.79102,0.01434112;0.027127808;0.012411904;0.01031168;0.03778764799999999;0.22807961599999999;0.864924672;1.017970688;0.8850155519999999;0.724769792;0.44502732800000006;0.3938048;0.395821056;0.42158182399999994;0.410827776;0.5192017919999999;0.46310912;0.28345344;0.28348723200000003;0.168833024;0.12004864;0.08480665600000001;0.07410175999999999;0.0480512;0.04548096000000001;0.069507072;0.05162598400000001;0.03490816;0.037136384;0.028804096;0.024910848000000003;0.020834304;0.014327808;0.017206271999999998;0.015010816000000001;0.015465472;0.01319936;0.007093248;0.007493631999999999;0.008287232;0.007088128000000001;0.005722112;0.006383616;0.00526336;0.0050278400000000004;0.005312512;0.004345856;0.004045824;0.002896896;0.003216384;0.003401728;0.0026808319999999997;0.0023296;0.002656256;0.0017684480000000002;0.0017848319999999999;0.0020797439999999997;0.001765376;0.00167424;0.0016230399999999999;0.002154496;0.00203776;0.001680384;0.0011735040000000001;0.0013199359999999999;0.0010936319999999998;0.000858112;0.001294336;0.001222656;0.000723968;0.0009594880000000001;0.000985088;0.0007557120000000001;0.000751616;0.0008458240000000001;0.000996352;0.0006952960000000001;0.000690176;0.0005734399999999999
1790305200,hdr,0.0293;0.03906;0.04883;0.05859;0.06836;0.07813;0.08789;0.09766;0.10742;0.11719;0.12695;0.13672;0.14648;0.15625;0.16602;0.17578;0.18555;0.19531;0.20508;0.21484;0.22461;0.23438;0.24414;0.25391;0.26367;0.27344;0.2832;0.29297;0.30273;0.3125;0.32227;0.33203;0.3418;0.35156;0.36133;0.37109;0.38086;0.39063;0.40039;0.41016;0.41992;0.42969;0.43945;0.44922;0.45898;0.46875;0.47852;0.48828;0.49805;0.50781;0.51758;0.52734;0.53711;0.54688;0.55664;0.56641;0.57617;0.58594;0.5957;0.60547;0.61523;0.625;0.63477;0.64453;0.6543;0.66406;0.67383;0.68359;0.69336;0.70313;0.71289;0.72266;0.73242;0.74219;0.75195;0.76172;0.77148;0.78125;0.79102,0.012652544;0.011013120000000001;0.0073031680000000005;0.012598271999999999;0.046700544000000004;0.434715648;1.005162496;0.715066368;0.501812224;0.681645056;0.65714688;0.487743488;0.6628311039999999;0.502173696;0.336879616;0.375072768;0.355449856;0.260442112;0.213124096;0.17950617600000002;0.081130496;0.10287616000000001;0.10822758399999999;0.078166016;0.04192972799999999;0.035299328;0.037476352;0.037137408000000004;0.031887360000000003;0.028288;0.026335232;0.024395776;0.018535423999999998;0.017332223999999997;0.008884224;0.0048209920000000005;0.0055552;0.00890368;0.012155904;0.008060928;0.009684992;0.007003135999999999;0.0055060479999999995;0.006628352;0.00452096;0.005611519999999999;0.005945344;0.002958336;0.002778112;0.005071872000000001;0.0034334720000000003;0.0018216959999999998;0.00344576;0.001575936;0.003018752;0.0031928320000000005;0.003014656;0.003324928;0.002691072;0.002352128;0.001692672;0.0013404159999999999;0.0014458880000000002;0.0025292799999999996;0.001969152;0.001670144;0.001603584;0.001000448;0.001071104;0.000826368;0.0011007999999999999;0.001063936;0.0008366080000000001;0.0006891520000000001;0.0008325120000000001;0.00128512;0.00129024;0.0008325120000000001;0.00062976
1790306100,hdr,0.0293;0.03906;0.04883;0.05859;0.06836;0.07813;0.08789;0.09766;0.10742;0.11719;0.12695;0.13672;0.14648;0.15625;0.16602;0.17578;0.18555;0.19531;0.20508;0.21484;0.22461;0.23438;0.24414;0.25391;0.26367;0.27344;0.2832;0.29297;0.30273;0.3125;0.32227;0.33203;0.3418;0.35156;0.36133;0.37109;0.38086;0.39063;0.40039;0.41016;0.41992;0.42969;0.43945;0.44922;0.45898;0.46875;0.47852;0.48828;0.49805;0.50781;0.51758;0.52734;0.53711;0.54688;0.55664;0.56641;0.57617;0.58594;0.5957;0.60547;0.61523;0.625;0.63477;0.64453;0.6543;0.66406;0.67383;0.68359;0.69336;0.70313;0.71289;0.72266;0.73242;0.74219;0.75195;0.76172;0.77148;0.78125;0.79102,0.005682176000000001;0.015045632;0.017262592;0.011097088;0.042504192;0.25973248;0.9832734719999999;0.7725178879999999;0.719700992;0.83875328;0.6837616639999999;0.669479936;0.379793408;0.29625753600000004;0.23028019200000002;0.31219609600000003;0.21924249599999998;0.20619775999999998;0.168236032;0.132435968;0.109694976;0.12553216;0.084245504;0.09304780800000001;0.075419648;0.054867968;0.0425216;0.031625216;0.027121664;0.023356416;0.018955264;0.018185216;0.016323584000000002;0.013246464;0.00881152;0.008365056;0.00986624;0.010490880000000001;0.006232064000000001;0.0035368960000000003;0.004390912;0.005992448;0.00661504;0.007087104;0.005382144;0.00541184;0.006045696000000001;0.005321728;0.0030443519999999997;0.0034662399999999998;0.003221504;0.0020244480000000003;0.001166336;0.002154496;0.002922496;0.003492864;0.003487744;0.0033310719999999996;0.002307072;0.0024719359999999997;0.0029695999999999998;0.001416192;0.0010516479999999999;0.0015452159999999999;0.001678336;0.00144896;0.001509376;0.001007616;0.000990208;0.00098816;0.0014233599999999998;0.0012523519999999998;0.001524736;0.001513472;0.001504256;0.001193984;0.000780288;0.000877568;0.0008591359999999999
1790307000,hdr,0.0293;0.03906;0.04883;0.05859;0.06836;0.07813;0.08789;0.09766;0.10742;0.11719;0.12695;0.13672;0.14648;0.15625;0.16602;0.17578;0.18555;0.19531;0.20508;0.21484;0.22461;0.23438;0.24414;0.25391;0.26367;0.27344;0.2832;0.29297;0.30273;0.3125;0.32227;0.33203;0.3418;0.35156;0.36133;0.37109;0.38086;0.39063;0.40039;0.41016;0.41992;0.42969;0.43945;0.44922;0.45898;0.46875;0.47852;0.48828;0.49805;0.50781;0.51758;0.52734;0.53711;0.54688;0.55664;0.56641;0.57617;0.58594;0.5957;0.60547;0.61523;0.625;0.63477;0.64453;0.6543;0.66406;0.67383;0.68359;0.69336;0.70313;0.71289;0.72266;0.73242;0.74219;0.75195;0.76172;0.77148;0.78125;0.79102,0.012916736000000002;0.019910656;0.019339264;0.020178944000000004;0.045293568;0.412155904;1.4103244799999999;1.135343616;0.651460608;0.908568576;0.78021632;0.64416768;0.494290944;0.32218726400000003;0.31972761600000005;0.22619136;0.13884415999999997;0.222306304;0.236300288;0.127684608;0.083828736;0.07614873600000001;0.0512;0.049321984000000006;0.041162752000000004;0.039448576;0.040984575999999995;0.016869376000000002;0.017387519999999997;0.020465664;0.02546688;0.023826432;0.0137216;0.009519104;0.013529088;0.016367616;0.007723008;0.007114752;0.008796159999999999;0.006983679999999999;0.007677952;0.007366656;0.0054784;0.00580608;0.00494592;0.006879232;0.00374784;0.004182015999999999;0.005625855999999999;0.003883008;0.003344384;0.002654208;0.001783808;0.002269184;0.0024801280000000003;0.0026624;0.003340288;0.002666496;0.00268288;0.0036720640000000005;0.003540992;0.002824192;0.002455552;0.002820096;0.002097152;0.0029429759999999995;0.0029265919999999996;0.002945024;0.0029982719999999997;0.002117632;0.0016711679999999998;0.001490944;0.0013393919999999998;0.00134144;0.0011120639999999998;0.000966656;0.001206272;0.001015808;0.001533952
1790307900,hdr,0.0293;0.03906;0.04883;0.05859;0.06836;0.07813;0.08789;0.09766;0.10742;0.11719;0.12695;0.13672;0.14648;0.15625;0.16602;0.17578;0.18555;0.19531;0.20508;0.21484;0.22461;0.23438;0.24414;0.25391;0.26367;0.27344;0.2832;0.29297;0.30273;0.3125;0.32227;0.33203;0.3418;0.35156;0.36133;0.37109;0.38086;0.39063;0.40039;0.41016;0.41992;0.42969;0.43945;0.44922;0.45898;0.46875;0.47852;0.48828;0.49805;0.50781;0.51758;0.52734;0.53711;0.54688;0.55664;0.56641;0.57617;0.58594;0.5957;0.60547;0.61523;0.625;0.63477;0.64453;0.6543;0.66406;0.67383;0.68359;0.69336;0.70313;0.71289;0.72266;0.73242;0.74219;0.75195;0.76172;0.77148;0.78125;0.79102,0.01021952;0.020494336;0.019364864000000002;0.02855424;0.06484684799999998;0.22544896;0.796945408;1.0138490880000002;0.6671001599999999;0.849707008;1.013322752;0.728065024;0.40024780800000004;0.38970470399999996;0.326578176;0.148876288;0.196344832;0.27521535999999996;0.27621683199999997;0.23773696000000002;0.132361216;0.096985088;0.119789568;0.074368;0.089039872;0.07101235200000001;0.039514112;0.025396224;0.023899135999999998;0.023025664;0.019842047999999998;0.018509823999999998;0.018240512;0.0197888;0.017082367999999997;0.012316672;0.007486464;0.009184256;0.008997887999999999;0.004845568000000001;0.004182015999999999;0.0043980799999999995;0.005798911999999999;0.00528896;0.005393408000000001;0.005230592;0.00309248;0.003191808;0.004973568;0.003408896;0.0028897280000000003;0.002883584;0.003115008;0.002997248;0.0023132160000000003;0.002818048;0.003201024;0.004004864;0.003890176;0.003152896;0.002173952;0.0032276479999999996;0.003068928;0.002377728;0.0021227520000000003;0.002097152;0.002633728;0.00237056;0.002658304;0.0025139200000000002;0.0017039359999999999;0.0011489279999999998;0.00118272;0.000887808;0.0014632959999999998;0.001107968;0.000703488;0.0008663039999999999;0.0006973439999999999
1790308800,hdr,0.0293;0.03906;0.04883;0.05859;0.06836;0.07813;0.08789;0.09766;0.10742;0.11719;0.12695;0.13672;0.14648;0.15625;0.16602;0.17578;0.18555;0.19531;0.20508;0.21484;0.22461;0.23438;0.24414;0.25391;0.26367;0.27344;0.2832;0.29297;0.30273;0.3125;0.32227;0.33203;0.3418;0.35156;0.36133;0.37109;0.38086;0.39063;0.40039;0.41016;0.41992;0.42969;0.43945;0.44922;0.45898;0.46875;0.47852;0.48828;0.49805;0.50781;0.51758;0.52734;0.53711;0.54688;0.55664;0.56641;0.57617;0.58594;0.5957;0.60547;0.61523;0.625;0.63477;0.64453;0.6543;0.66406;0.67383;0.68359;0.69336;0.70313;0.71289;0.72266;0.73242;0.74219;0.75195;0.76172;0.77148;0.78125;0.79102,0.0026439680000000004;0.010838015999999999;0.016590848000000002;0.008792064;0.032387072;0.382246912;1.5857152;1.5283630080000001;0.656003072;0.509855744;0.33426432;0.556179456;0.485859328;0.32875929600000003;0.40263679999999996;0.256313344;0.24610816;0.303521792;0.21723135999999998;0.18970009599999998;0.224505856;0.111161344;0.095363072;0.078235648;0.048252928;0.04283801600000001;0.03565568;0.026286079999999996;0.019318784;0.039237631999999995;0.033046528000000006;0.017455104;0.009779199999999998;0.012910591999999999;0.016576512;0.010117119999999999;0.008452096;0.00903168;0.010389504;0.009320448;0.009150464;0.006002688;0.005203968;0.0073031680000000005;0.007337984;0.006662143999999999;0.0040448;0.003301376;0.004521984;0.004421632;0.004603904000000001;0.00377856;0.002627584;0.003393536;0.0031232000000000005;0.004675584;0.00287744;0.0028467199999999996;0.0031559680000000003;0.0021032959999999997;0.0018083840000000001;0.0032849919999999996;0.003555328;0.00290816;0.002097152;0.001810432;0.001624064;0.0019947520000000002;0.001327104;0.001052672;0.0017203200000000002;0.00318464;0.0018841600000000002;0.001241088;0.002072576;0.00108544;0.000899072;0.001062912;0.00128
1790309700,hdr,0.0293;0.03906;0.04883;0.05859;0.06836;0.07813;0.08789;0.09766;0.10742;0.11719;0.12695;0.13672;0.14648;0.15625;0.16602;0.17578;0.18555;0.19531;0.20508;0.21484;0.22461;0.23438;0.24414;0.25391;0.26367;0.27344;0.2832;0.29297;0.30273;0.3125;0.32227;0.33203;0.3418;0.35156;0.36133;0.37109;0.38086;0.39063;0.40039;0.41016;0.41992;0.42969;0.43945;0.44922;0.45898;0.46875;0.47852;0.48828;0.49805;0.50781;0.51758;0.52734;0.53711;0.54688;0.55664;0.56641;0.57617;0.58594;0.5957;0.60547;0.61523;0.625;0.63477;0.64453;0.6543;0.66406;0.67383;0.68359;0.69336;0.70313;0.71289;0.72266;0.73242;0.74219;0.75195;0.76172;0.77148;0.78125;0.79102,0.006750208;0.00848896;0.008117247999999999;0.014038016000000002;0.063107072;0.450188288;0.930475008;0.69657088;0.47195136000000004;0.469137408;0.49254912;0.35978956799999995;0.264054784;0.307267584;0.291913728;0.284967936;0.33078784;0.260574208;0.184004608;0.11616051200000001;0.09846988799999999;0.092544;0.07176806399999999;0.09326796799999999;0.043625472;0.026858496;0.029551616;0.027859968;0.030025727999999998;0.016681984;0.024166399999999998;0.014374912;0.009402367999999998;0.015010816000000001;0.018975744;0.015501312;0.011375616;0.006880256;0.005583872;0.008242176000000002;0.012456960000000001;0.010591232;0.006104064;0.004072447999999999;0.004788223999999999;0.003637248;0.004726784;0.004884479999999999;0.003511296;0.003515392;0.003414016;0.002707456;0.0025200640000000002;0.002279424;0.00319488;0.003731456;0.0037222400000000004;0.002813952;0.00285696;0.0031938559999999997;0.003100672;0.0032768000000000003;0.001878016;0.001480704;0.002236416;0.0032471040000000002;0.002110464;0.001483776;0.001722368;0.00207872;0.002659328;0.001967104;0.001615872;0.0011284479999999998;0.000854016;0.00110592;0.0015943679999999999;0.000861184;0.0006696959999999999
1790310600,hdr,0.0293;0.03906;0.04883;0.05859;0.06836;0.07813;0.08789;0.09766;0.10742;0.11719;0.12695;0.13672;0.14648;0.15625;0.16602;0.17578;0.18555;0.19531;0.20508;0.21484;0.22461;0.23438;0.24414;0.25391;0.26367;0.27344;0.2832;0.29297;0.30273;0.3125;0.32227;0.33203;0.3418;0.35156;0.36133;0.37109;0.38086;0.39063;0.40039;0.41016;0.41992;0.42969;0.43945;0.44922;0.45898;0.46875;0.47852;0.48828;0.49805;0.50781;0.51758;0.52734;0.53711;0.54688;0.55664;0.56641;0.57617;0.58594;0.5957;0.60547;0.61523;0.625;0.63477;0.64453;0.6543;0.66406;0.67383;0.68359;0.69336;0.70313;0.71289;0.72266;0.73242;0.74219;0.75195;0.76172;0.77148;0.78125;0.79102,0.005931008000000001;0.005099520000000001;0.003897344;0.008359936;0.058537984;0.45290700800000006;1.8616872960000002;1.885372416;0.760305664;0.8314265599999999;1.055158272;0.7321087999999999;0.27425382400000003;0.23223091199999998;0.291674112;0.30158438400000004;0.273668096;0.204183552;0.213579776;0.18338406399999999;0.1396736;0.063234048;0.076417024;0.11101388799999999;0.108756992;0.06136012800000001;0.030291968000000002;0.030844928;0.0334336;0.027785215999999998;0.032761856000000006;0.021993472;0.008232960000000001;0.011272192;0.010563584;0.007149568;0.011829247999999999;0.015056896;0.010764288;0.012836864;0.010125312;0.006146048;0.00831488;0.0052142080000000006;0.0036167680000000002;0.0035348480000000006;0.005150719999999999;0.0052469759999999996;0.00388096;0.0028753920000000005;0.0017203200000000002;0.002719744;0.003801088;0.002686976;0.003264512;0.004175872000000001;0.003375104;0.003936256;0.0024903679999999997;0.003311616;0.00377856;0.003774464;0.0024084479999999997;0.0024145919999999997;0.0024002560000000004;0.002322432;0.001687552;0.001722368;0.0021606399999999997;0.0018636800000000002;0.00145408;0.001837056;0.001429504;0.0011837439999999998;0.0009584639999999999;0.000616448;0.000970752;0.001941504;0.0011407359999999998
1790311500,hdr,0.0293;0.03906;0.04883;0.05859;0.06836;0.07813;0.08789;0.09766;0.10742;0.11719;0.12695;0.13672;0.14648;0.15625;0.16602;0.17578;0.18555;0.19531;0.20508;0.21484;0.22461;0.23438;0.24414;0.25391;0.26367;0.27344;0.2832;0.29297;0.30273;0.3125;0.32227;0.33203;0.3418;0.35156;0.36133;0.37109;0.38086;0.39063;0.40039;0.41016;0.41992;0.42969;0.43945;0.44922;0.45898;0.46875;0.47852;0.48828;0.49805;0.50781;0.51758;0.52734;0.53711;0.54688;0.55664;0.56641;0.57617;0.58594;0.5957;0.60547;0.61523;0.625;0.63477;0.64453;0.6543;0.66406;0.67383;0.68359;0.69336;0.70313;0.71289;0.72266;0.73242;0.74219;0.75195;0.76172;0.77148;0.78125;0.79102,0.007762944000000001;0.00984576;0.012220416;0.012607488;0.063934464;0.5348352000000001;2.108003328;1.807371264;0.5993963520000001;0.6716958720000001;0.7592785919999999;0.42103910400000005;0.425152512;0.35107123199999996;0.24052224000000003;0.260963328;0.323877888;0.26625023999999997;0.13684838400000002;0.10844159999999999;0.112084992;0.097683456;0.078916608;0.045760511999999996;0.064960512;0.057440256;0.0400896;0.0358656;0.025583616000000003;0.034953216;0.02867712;0.017286144;0.016518144000000002;0.015624192;0.017129472000000003;0.014260224;0.013068288;0.007981056;0.010404864;0.008288255999999999;0.006825984;0.00787968;0.008527871999999999;0.0061255680000000005;0.005090304;0.005317631999999999;0.005246976;0.0032532480000000003;0.004540416;0.0038676479999999996;0.0024637440000000004;0.003136512;0.003075072;0.003864576;0.0030904319999999997;0.0020582400000000002;0.00133632;0.002386944;0.003035136;0.003545088;0.0020736;0.0016926719999999999;0.0022763519999999997;0.0027863040000000003;0.001959936;0.0019660800000000003;0.001262592;0.0009984;0.001112064;0.0015452159999999999;0.001453056;0.001253376;0.0008048640000000001;0.000715776;0.0012318720000000002;0.001277952;0.000838656;0.0013148160000000001;0.001579008
1790312400,hdr,0.0293;0.03906;0.04883;0.05859;0.06836;0.07813;0.08789;0.09766;0.10742;0.11719;0.12695;0.13672;0.14648;0.15625;0.16602;0.17578;0.18555;0.19531;0.20508;0.21484;0.22461;0.23438;0.24414;0.25391;0.26367;0.27344;0.2832;0.29297;0.30273;0.3125;0.32227;0.33203;0.3418;0.35156;0.36133;0.37109;0.38086;0.39063;0.40039;0.41016;0.41992;0.42969;0.43945;0.44922;0.45898;0.46875;0.47852;0.48828;0.49805;0.50781;0.51758;0.52734;0.53711;0.54688;0.55664;0.56641;0.57617;0.58594;0.5957;0.60547;0.61523;0.625;0.63477;0.64453;0.6543;0.66406;0.67383;0.68359;0.69336;0.70313;0.71289;0.72266;0.73242;0.74219;0.75195;0.76172;0.77148;0.78125;0.79102,0.008980479999999999;0.01782784;0.01371136;0.012754943999999999;0.060473344;0.30356479999999997;1.493317632;1.7272565759999998;0.923025408;0.7370567680000001;0.49937408;0.36515839999999994;0.304019456;0.378662912;0.390627328;0.3974144;0.411633664;0.322250752;0.22219775999999997;0.17350656;0.13995008;0.107370496;0.085444608;0.058732544;0.039772159999999994;0.060706816000000004;0.08011776000000001;0.041148416;0.014379008;0.017414144;0.015427584;0.010043392000000002;0.012701696;0.009211904;0.01101824;0.010647552;0.009867264;0.012404736;0.010848255999999999;0.008919040000000001;0.008806399999999999;0.009336831999999998;0.006004736;0.004603904000000001;0.005771264;0.009181183999999998;0.008775680000000001;0.0034672640000000003;0.0024883199999999996;0.0038993920000000002;0.003663872;0.00242688;0.0035942400000000003;0.0034365439999999997;0.00214016;0.0020746239999999997;0.005009407999999999;0.0040345599999999995;0.003733504;0.00277504;0.001572864;0.00197632;0.0022097920000000004;0.002052096;0.001675264;0.001636352;0.001615872;0.0014745600000000002;0.001181696;0.0013393919999999998;0.0023203839999999996;0.0022568959999999996;0.001337344;0.001327104;0.0012001280000000002;0.0011837439999999998;0.0013905920000000002;0.0009256959999999999;0.00146432
1790313300,hdr,0.0293;0.03906;0.04883;0.05859;0.06836;0.07813;0.08789;0.09766;0.10742;0.11719;0.12695;0.13672;0.14648;0.15625;0.16602;0.17578;0.18555;0.19531;0.20508;0.21484;0.22461;0.23438;0.24414;0.25391;0.26367;0.27344;0.2832;0.29297;0.30273;0.3125;0.32227;0.33203;0.3418;0.35156;0.36133;0.37109;0.38086;0.39063;0.40039;0.41016;0.41992;0.42969;0.43945;0.44922;0.45898;0.46875;0.47852;0.48828;0.49805;0.50781;0.51758;0.52734;0.53711;0.54688;0.55664;0.56641;0.57617;0.58594;0.5957;0.60547;0.61523;0.625;0.63477;0.64453;0.6543;0.66406;0.67383;0.68359;0.69336;0.70313;0.71289;0.72266;0.73242;0.74219;0.75195;0.76172;0.77148;0.78125;0.79102,0.003680256;0.009699328;0.012414976;0.011892736;0.077565952;0.362194944;0.986464256;1.027407872;0.589074432;0.671942656;0.5370408959999999;0.28639232000000003;0.223485952;0.17118208000000001;0.140187648;0.331024384;0.26800537599999996;0.23296614400000001;0.121870336;0.08370176;0.111036416;0.138676224;0.087576576;0.043597824;0.05445632;0.050683903999999995;0.051853312000000006;0.034336768;0.025206784;0.016877568;0.020658176;0.024745984;0.023517184;0.013430784;0.01267712;0.01267712;0.006709247999999999;0.006684671999999999;0.008335359999999998;0.005599232;0.004562943999999999;0.004550656;0.0034078719999999997;0.007366656;0.0064942080000000004;0.0037027839999999998;0.005076991999999999;0.005441536;0.0038297599999999998;0.004564992;0.004804608;0.0037601279999999997;0.004696064;0.0034181119999999996;0.002469888;0.004216832;0.00377856;0.003080192;0.003209216;0.002818048;0.0022466560000000005;0.0023203839999999996;0.003166208;0.0028303359999999997;0.0019660800000000003;0.0018411519999999998;0.0014336;0.0017121280000000003;0.001878016;0.001683456;0.001185792;0.001384448;0.001284096;0.0014028799999999998;0.0013312;0.00141312;0.000970752;0.001441792;0.00165888
1790314200,hdr,0.0293;0.03906;0.04883;0.05859;0.06836;0.07813;0.08789;0.09766;0.10742;0.11719;0.12695;0.13672;0.14648;0.15625;0.16602;0.17578;0.18555;0.19531;0.20508;0.21484;0.22461;0.23438;0.24414;0.25391;0.26367;0.27344;0.2832;0.29297;0.30273;0.3125;0.32227;0.33203;0.3418;0.35156;0.36133;0.37109;0.38086;0.39063;0.40039;0.41016;0.41992;0.42969;0.43945;0.44922;0.45898;0.46875;0.47852;0.48828;0.49805;0.50781;0.51758;0.52734;0.53711;0.54688;0.55664;0.56641;0.57617;0.58594;0.5957;0.60547;0.61523;0.625;0.63477;0.64453;0.6543;0.66406;0.67383;0.68359;0.69336;0.70313;0.71289;0.72266;0.73242;0.74219;0.75195;0.76172;0.77148;0.78125;0.79102,0.004288512;0.008518656;0.009759744;0.018091008000000002;0.076612608;0.512495616;2.255345664;1.935802368;0.8008980480000001;0.672789504;0.364916736;0.269933568;0.305381376;0.35964211199999996;0.30498508800000007;0.517635072;0.6999060480000001;0.328344576;0.13675008;0.136799232;0.163347456;0.13528473600000002;0.11178393599999999;0.097600512;0.057461759999999994;0.063919104;0.061246464;0.03846451199999999;0.02946048;0.025009152000000003;0.0227328;0.024192;0.0182784;0.011301888000000001;0.013627392;0.017335296;0.012647424;0.015442944000000002;0.013667328;0.009314304;0.009888768;0.007692288;0.007348224;0.009544704;0.0065218559999999995;0.00477696;0.0036802560000000002;0.004909056;0.004801536;0.0033945600000000005;0.0027647999999999995;0.002110464;0.0029460479999999997;0.00348672;0.004045824;0.0038430719999999995;0.0044544;0.003981312000000001;0.0037017599999999997;0.00293376;0.00425472;0.003818496;0.0021780479999999997;0.0022487040000000002;0.0032593920000000003;0.00267264;0.002482176;0.0028293120000000005;0.002574336;0.001963008;0.001400832;0.001622016;0.001901568;0.001339392;0.0009768959999999999;0.001041408;0.001281024;0.001253376;0.0010598399999999998
1790315100,hdr,0.0293;0.03906;0.04883;0.05859;0.06836;0.07813;0.08789;0.09766;0.10742;0.11719;0.12695;0.13672;0.14648;0.15625;0.16602;0.17578;0.18555;0.19531;0.20508;0.21484;0.22461;0.23438;0.24414;0.25391;0.26367;0.27344;0.2832;0.29297;0.30273;0.3125;0.32227;0.33203;0.3418;0.35156;0.36133;0.37109;0.38086;0.39063;0.40039;0.41016;0.41992;0.42969;0.43945;0.44922;0.45898;0.46875;0.47852;0.48828;0.49805;0.50781;0.51758;0.52734;0.53711;0.54688;0.55664;0.56641;0.57617;0.58594;0.5957;0.60547;0.61523;0.625;0.63477;0.64453;0.6543;0.66406;0.67383;0.68359;0.69336;0.70313;0.71289;0.72266;0.73242;0.74219;0.75195;0.76172;0.77148;0.78125;0.79102,0.004907008;0.008159231999999999;0.012453888;0.019249152;0.072841216;0.33553612800000004;1.220636672;1.0187407359999998;0.682196992;0.586389504;0.36544512;0.20188979199999998;0.243191808;0.25698508800000003;0.253519872;0.253478912;0.223596544;0.20506419199999998;0.150552576;0.171544576;0.08957132799999999;0.047208448;0.050147328;0.062496768;0.058939392;0.03628032;0.038148096000000006;0.04146175999999999;0.035444736;0.020043776000000003;0.023875584;0.02921472;0.020082688;0.017358848;0.012085248;0.012177407999999999;0.011104256;0.007467008;0.0085504;0.008249344;0.006436864;0.007944192;0.005330944;0.006393856000000001;0.0054312959999999995;0.0032890880000000003;0.006017024;0.009250816;0.00769024;0.00625664;0.0042496;0.005236736;0.004179968;0.003016704;0.002951168;0.0030822400000000004;0.0024002560000000004;0.003362816;0.0037027839999999998;0.00292864;0.0027115520000000003;0.002936832;0.0022323200000000003;0.0022466560000000005;0.0023592960000000003;0.002494464;0.002981888;0.002676736;0.0017489920000000002;0.001978368;0.0020172799999999998;0.001353728;0.001267712;0.001591296;0.0014827520000000002;0.001318912;0.001296384;0.0009748480000000001;0.0008069119999999999
1790316000,hdr,0.0293;0.03906;0.04883;0.05859;0.06836;0.07813;0.08789;0.09766;0.10742;0.11719;0.12695;0.13672;0.14648;0.15625;0.16602;0.17578;0.18555;0.19531;0.20508;0.21484;0.22461;0.23438;0.24414;0.25391;0.26367;0.27344;0.2832;0.29297;0.30273;0.3125;0.32227;0.33203;0.3418;0.35156;0.36133;0.37109;0.38086;0.39063;0.40039;0.41016;0.41992;0.42969;0.43945;0.44922;0.45898;0.46875;0.47852;0.48828;0.49805;0.50781;0.51758;0.52734;0.53711;0.54688;0.55664;0.56641;0.57617;0.58594;0.5957;0.60547;0.61523;0.625;0.63477;0.64453;0.6543;0.66406;0.67383;0.68359;0.69336;0.70313;0.71289;0.72266;0.73242;0.74219;0.75195;0.76172;0.77148;0.78125;0.79102,0.008394752;0.013277184;0.0056975360000000004;0.0037662719999999998;0.073791488;0.560031744;1.5449354240000002;1.337288704;0.950616064;0.61696;0.577814528;0.6043197440000001;0.292585472;0.168886272;0.22119424000000001;0.30917222400000005;0.36360191999999997;0.256479232;0.149999616;0.14321868799999998;0.203081728;0.13481369599999998;0.07798784000000002;0.075501568;0.08684134400000001;0.072542208;0.05827584;0.051216384;0.046026752;0.05095219199999999;0.027176960000000003;0.025169920000000002;0.020170752;0.014194688;0.013090816;0.012634112;0.010207232;0.008013824;0.0067952640000000005;0.006316032;0.0066048;0.005650432;0.006408192;0.006893568;0.007378943999999999;0.010520576;0.008818688;0.005404671999999999;0.004122624;0.0049152;0.0038911999999999996;0.003581952;0.002871296;0.0032296959999999998;0.003295232;0.002217984;0.002238464;0.001757184;0.001304576;0.0022855680000000004;0.003203072;0.003241984;0.001964032;0.0021893120000000005;0.002031616;0.002596864;0.003405824;0.00206848;0.001681408;0.001738752;0.0017326079999999998;0.001517568;0.0016609279999999999;0.002029568;0.0011919360000000002;0.000989184;0.000841728;0.000897024;0.00154624
1790316900,hdr,0.0293;0.03906;0.04883;0.05859;0.06836;0.07813;0.08789;0.09766;0.10742;0.11719;0.12695;0.13672;0.14648;0.15625;0.16602;0.17578;0.18555;0.19531;0.20508;0.21484;0.22461;0.23438;0.24414;0.25391;0.26367;0.27344;0.2832;0.29297;0.30273;0.3125;0.32227;0.33203;0.3418;0.35156;0.36133;0.37109;0.38086;0.39063;0.40039;0.41016;0.41992;0.42969;0.43945;0.44922;0.45898;0.46875;0.47852;0.48828;0.49805;0.50781;0.51758;0.52734;0.53711;0.54688;0.55664;0.56641;0.57617;0.58594;0.5957;0.60547;0.61523;0.625;0.63477;0.64453;0.6543;0.66406;0.67383;0.68359;0.69336;0.70313;0.71289;0.72266;0.73242;0.74219;0.75195;0.76172;0.77148;0.78125;0.79102,0.006165504;0.011304960000000001;0.014383104;0.012539904;0.063396864;0.451608576;1.5640074240000001;2.2535270400000003;1.0655969280000002;0.740069376;0.32042496;0.16579584;0.17166950400000003;0.194260992;0.28748390399999996;0.308118528;0.4118353920000001;0.48073728;0.266422272;0.159261696;0.169869312;0.122582016;0.08008089600000001;0.08868864;0.09329971199999999;0.09813811200000001;0.13235097600000004;0.082516992;0.041060352;0.028071936000000002;0.032274432;0.022118399999999996;0.0194304;0.013231103999999999;0.011185152;0.01202688;0.010039296;0.00832512;0.00554496;0.006325248;0.007406592;0.007799808;0.005557248000000001;0.005879808;0.0055080960000000005;0.005397504;0.005050368;0.005520384;0.0049704960000000005;0.004952063999999999;0.0028416;0.004632576;0.0044974080000000005;0.0027310080000000005;0.003806208;0.0043929600000000004;0.003262464;0.0015851519999999998;0.003305472;0.00526848;0.004909056;0.004045824;0.00390144;0.003720192;0.002423808;0.002792448;0.0027678719999999998;0.002506752;0.002122752;0.0017387519999999999;0.0011304960000000001;0.0011735040000000001;0.001486848;0.0015329279999999998;0.001880064;0.0014131200000000001;0.001161216;0.0011212799999999999;0.0008048640000000001
1790317800,hdr,0.0293;0.03906;0.04883;0.05859;0.06836;0.07813;0.08789;0.09766;0.10742;0.11719;0.12695;0.13672;0.14648;0.15625;0.16602;0.17578;0.18555;0.19531;0.20508;0.21484;0.22461;0.23438;0.24414;0.25391;0.26367;0.27344;0.2832;0.29297;0.30273;0.3125;0.32227;0.33203;0.3418;0.35156;0.36133;0.37109;0.38086;0.39063;0.40039;0.41016;0.41992;0.42969;0.43945;0.44922;0.45898;0.46875;0.47852;0.48828;0.49805;0.50781;0.51758;0.52734;0.53711;0.54688;0.55664;0.56641;0.57617;0.58594;0.5957;0.60547;0.61523;0.625;0.63477;0.64453;0.6543;0.66406;0.67383;0.68359;0.69336;0.70313;0.71289;0.72266;0.73242;0.74219;0.75195;0.76172;0.77148;0.78125;0.79102,0.002840576;0.009824256;0.012435456000000001;0.007755776;0.076609536;0.486877184;1.193578496;1.420384256;0.80676864;0.349390848;0.31038464;0.195760128;0.198193152;0.12451430399999999;0.178348032;0.274896896;0.236234752;0.27492352000000003;0.16067379199999998;0.11490713599999999;0.15154790399999998;0.147511296;0.102025216;0.06690816;0.091615232;0.10187776;0.08688639999999999;0.06827007999999998;0.054294528;0.055513088;0.034953216;0.019154944;0.016795648;0.011599871999999999;0.010278912;0.013105152;0.00929792;0.007061504;0.011134976000000001;0.01277952;0.011862016000000001;0.00796672;0.008257536;0.010450944;0.0052121599999999995;0.00733184;0.007438335999999999;0.0069632;0.006793216;0.00467968;0.003459072;0.0038338559999999996;0.004124672;0.003182592;0.003997696;0.0043335679999999994;0.004988928;0.004118528000000001;0.002832384;0.002125824;0.003473408;0.00221184;0.002113536;0.003301376;0.0024371200000000005;0.0016650240000000002;0.0018411519999999998;0.00242688;0.0016302080000000002;0.002004992;0.001564672;0.001452032;0.001652736;0.001529856;0.0014561280000000001;0.001337344;0.00185344;0.001501184;0.0013701120000000002
1790318700,hdr,0.0293;0.03906;0.04883;0.05859;0.06836;0.07813;0.08789;0.09766;0.10742;0.11719;0.12695;0.13672;0.14648;0.15625;0.16602;0.17578;0.18555;0.19531;0.20508;0.21484;0.22461;0.23438;0.24414;0.25391;0.26367;0.27344;0.2832;0.29297;0.30273;0.3125;0.32227;0.33203;0.3418;0.35156;0.36133;0.37109;0.38086;0.39063;0.40039;0.41016;0.41992;0.42969;0.43945;0.44922;0.45898;0.46875;0.47852;0.48828;0.49805;0.50781;0.51758;0.52734;0.53711;0.54688;0.55664;0.56641;0.57617;0.58594;0.5957;0.60547;0.61523;0.625;0.63477;0.64453;0.6543;0.66406;0.67383;0.68359;0.69336;0.70313;0.71289;0.72266;0.73242;0.74219;0.75195;0.76172;0.77148;0.78125;0.79102,0.00321536;0.007559168;0.009797631999999999;0.018137088;0.077006848;0.41170329600000005;1.337524224;1.826811904;0.7897784319999999;0.584448;0.5486694400000001;0.388859904;0.261584896;0.21910527999999999;0.224022528;0.361644032;0.589836288;0.353603584;0.31719014399999995;0.18033664;0.10322534400000001;0.078485504;0.07562444800000001;0.078891008;0.084191232;0.074985472;0.08520908799999999;0.093702144;0.065404928;0.050597888;0.030562304;0.028426240000000002;0.029814784;0.024365056;0.017260544;0.010676224;0.012863488;0.013479936;0.012713984000000001;0.007993344;0.006934528000000001;0.008044544;0.011186175999999999;0.011204608;0.007165952000000001;0.00397312;0.006019072;0.005482496;0.0047861760000000005;0.0044953599999999995;0.002336768;0.004374527999999999;0.0072785919999999995;0.008220672;0.009424896;0.006883327999999999;0.006004736;0.00504832;0.0051302399999999995;0.004870144;0.00362496;0.00338944;0.004225024;0.003848192;0.00226304;0.00300032;0.002228224;0.002207744;0.002803712;0.0026296320000000002;0.001910784;0.001404928;0.001560576;0.001820672;0.0016773119999999998;0.00104448;0.00105472;0.001267712;0.0012001280000000002
1790319600,hdr,0.0293;0.03906;0.04883;0.05859;0.06836;0.07813;0.08789;0.09766;0.10742;0.11719;0.12695;0.13672;0.14648;0.15625;0.16602;0.17578;0.18555;0.19531;0.20508;0.21484;0.22461;0.23438;0.24414;0.25391;0.26367;0.27344;0.2832;0.29297;0.30273;0.3125;0.32227;0.33203;0.3418;0.35156;0.36133;0.37109;0.38086;0.39063;0.40039;0.41016;0.41992;0.42969;0.43945;0.44922;0.45898;0.46875;0.47852;0.48828;0.49805;0.50781;0.51758;0.52734;0.53711;0.54688;0.55664;0.56641;0.57617;0.58594;0.5957;0.60547;0.61523;0.625;0.63477;0.64453;0.6543;0.66406;0.67383;0.68359;0.69336;0.70313;0.71289;0.72266;0.73242;0.74219;0.75195;0.76172;0.77148;0.78125;0.79102,0.0024002560000000004;0.006064128;0.013969407999999999;0.031318016;0.09947340800000001;0.427720704;1.4106623999999999;1.594202112;1.059930112;0.6423367680000001;0.39466188799999996;0.333176832;0.234579968;0.17741823999999998;0.156510208;0.294180864;0.45266944;0.362115072;0.201971712;0.14664704;0.14252032;0.097458176;0.086697984;0.070086656;0.061190143999999995;0.06561382399999999;0.049586176;0.056356864;0.057796608;0.045303807999999994;0.023629824;0.019417088;0.029427711999999998;0.014376960000000001;0.013033471999999999;0.016990208;0.014430208;0.017997824;0.010940416000000001;0.01152;0.014391296;0.012681215999999999;0.008556544;0.005128192;0.007157759999999999;0.010563584;0.006158336;0.0043929600000000004;0.003340288;0.0054272;0.007407616;0.006332416;0.004706304;0.0033955839999999997;0.005251072;0.006682624;0.004976639999999999;0.004448255999999999;0.003985408;0.004358144;0.0037888;0.003457024;0.0038420480000000003;0.005265407999999999;0.003966976;0.0034611200000000003;0.002674688;0.0022015999999999997;0.0019517439999999998;0.0020500479999999996;0.0023511039999999997;0.0025210880000000003;0.001941504;0.0012247039999999999;0.0013905920000000002;0.0018083840000000001;0.0011837439999999998;0.001345536;0.00103424
1790320500,hdr,0.0293;0.03906;0.04883;0.05859;0.06836;0.07813;0.08789;0.09766;0.10742;0.11719;0.12695;0.13672;0.14648;0.15625;0.16602;0.17578;0.18555;0.19531;0.20508;0.21484;0.22461;0.23438;0.24414;0.25391;0.26367;0.27344;0.2832;0.29297;0.30273;0.3125;0.32227;0.33203;0.3418;0.35156;0.36133;0.37109;0.38086;0.39063;0.40039;0.41016;0.41992;0.42969;0.43945;0.44922;0.45898;0.46875;0.47852;0.48828;0.49805;0.50781;0.51758;0.52734;0.53711;0.54688;0.55664;0.56641;0.57617;0.58594;0.5957;0.60547;0.61523;0.625;0.63477;0.64453;0.6543;0.66406;0.67383;0.68359;0.69336;0.70313;0.71289;0.72266;0.73242;0.74219;0.75195;0.76172;0.77148;0.78125;0.79102,0.004128768;0.00912384;0.009027583999999998;0.019226624;0.086583296;0.30479974399999993;0.73971712;1.339465728;0.9306562559999999;0.45403340799999997;0.320673792;0.267388928;0.18602393599999997;0.14225407999999998;0.22005964800000002;0.275111936;0.316301312;0.256561152;0.20517068800000002;0.16328703999999997;0.1108992;0.064595968;0.08361369600000002;0.0851456;0.073027584;0.07276134399999999;0.059170816;0.039225343999999995;0.03158016;0.032325632;0.018937856;0.022083584;0.028491776000000003;0.022245376;0.010551296;0.010121216;0.011409408000000001;0.0114688;0.012054528;0.013387776;0.009719808000000002;0.011575296;0.009367552;0.007006208;0.008650752000000001;0.005890048;0.006674432000000001;0.009648128;0.008605696;0.00602112;0.004696064;0.006744063999999999;0.006443008;0.005541888;0.0037949439999999997;0.0027156479999999998;0.004315136;0.00400384;0.004845568000000001;0.005363712;0.003923968;0.002203648;0.002791424;0.0033218559999999998;0.00384;0.003336192;0.002299904;0.002803712;0.002674688;0.001425408;0.00169984;0.001765376;0.001650688;0.0013393919999999998;0.0009625599999999999;0.0009912319999999999;0.0010649599999999998;0.0015851519999999998;0.00155648
1790321400,hdr,0.0293;0.03906;0.04883;0.05859;0.06836;0.07813;0.08789;0.09766;0.10742;0.11719;0.12695;0.13672;0.14648;0.15625;0.16602;0.17578;0.18555;0.19531;0.20508;0.21484;0.22461;0.23438;0.24414;0.25391;0.26367;0.27344;0.2832;0.29297;0.30273;0.3125;0.32227;0.33203;0.3418;0.35156;0.36133;0.37109;0.38086;0.39063;0.40039;0.41016;0.41992;0.42969;0.43945;0.44922;0.45898;0.46875;0.47852;0.48828;0.49805;0.50781;0.51758;0.52734;0.53711;0.54688;0.55664;0.56641;0.57617;0.58594;0.5957;0.60547;0.61523;0.625;0.63477;0.64453;0.6543;0.66406;0.67383;0.68359;0.69336;0.70313;0.71289;0.72266;0.73242;0.74219;0.75195;0.76172;0.77148;0.78125;0.79102,0.006854656;0.00800768;0.011835392;0.017258495999999998;0.056487935999999996;0.355328;0.9465036800000001;1.2146687999999999;0.770762752;0.514996224;0.290609152;0.144904192;0.16448307199999998;0.18028134399999998;0.22257049599999998;0.308699136;0.26112819200000004;0.25044172800000003;0.307546112;0.154216448;0.099633152;0.10508697600000001;0.053753856;0.075587584;0.106532864;0.10240409599999999;0.058345472;0.033282048;0.048164864;0.036227072;0.03392716800000001;0.040083455999999996;0.025024512000000002;0.010622976;0.008962047999999999;0.011935743999999998;0.011497472;0.010139648;0.007159808;0.007757824000000001;0.007462912;0.0046714880000000005;0.00525312;0.005482496;0.007542784;0.006535168;0.0070144000000000005;0.006340607999999999;0.005496832;0.006156287999999999;0.0057896959999999996;0.0057794560000000005;0.006672384;0.00740352;0.006664192;0.003999744;0.0043008000000000005;0.003514368;0.002633728;0.003729408;0.003934208;0.00418816;0.004458496;0.002953216;0.001861632;0.002070528;0.0020930559999999994;0.0031703039999999997;0.00221184;0.0018636800000000002;0.002213888;0.0024145919999999997;0.001560576;0.001185792;0.00068608;0.000858112;0.001937408;0.001798144;0.0010956800000000001
1790322300,hdr,0.0293;0.03906;0.04883;0.05859;0.06836;0.07813;0.08789;0.09766;0.10742;0.11719;0.12695;0.13672;0.14648;0.15625;0.16602;0.17578;0.18555;0.19531;0.20508;0.21484;0.22461;0.23438;0.24414;0.25391;0.26367;0.27344;0.2832;0.29297;0.30273;0.3125;0.32227;0.33203;0.3418;0.35156;0.36133;0.37109;0.38086;0.39063;0.40039;0.41016;0.41992;0.42969;0.43945;0.44922;0.45898;0.46875;0.47852;0.48828;0.49805;0.50781;0.51758;0.52734;0.53711;0.54688;0.55664;0.56641;0.57617;0.58594;0.5957;0.60547;0.61523;0.625;0.63477;0.64453;0.6543;0.66406;0.67383;0.68359;0.69336;0.70313;0.71289;0.72266;0.73242;0.74219;0.75195;0.76172;0.77148;0.78125;0.79102,0.006397952;0.004804608;0.006393856000000001;0.023590912;0.07511654400000001;0.206600192;0.8724991999999999;1.4309335040000002;0.862959616;0.34022809600000004;0.212680704;0.15487590399999998;0.170084352;0.15902924799999998;0.14996479999999998;0.20340121600000002;0.2836992;0.298549248;0.21039718400000001;0.14477312;0.094902272;0.070148096;0.074285056;0.050651136;0.073127936;0.08926003199999999;0.090345472;0.062779392;0.030334976000000003;0.017180672;0.020633600000000002;0.02151424;0.020330496;0.02697216;0.030775296;0.017350656;0.017700863999999997;0.022802432;0.012107776;0.009529343999999999;0.012453888;0.014733312;0.012761088000000002;0.010799103999999999;0.012079103999999998;0.010995712;0.01004544;0.007733248;0.004194304;0.0037048320000000004;0.005875712000000001;0.009103360000000001;0.008478719999999999;0.005300224;0.007073792000000001;0.006881280000000001;0.0028467199999999996;0.00279552;0.002748416;0.0021217280000000002;0.003483648;0.0034242560000000005;0.004614144;0.00356352;0.002762752;0.002637824;0.00242688;0.00272384;0.002596864;0.00277504;0.0024084479999999997;0.002287616;0.002154496;0.0021872639999999995;0.002277376;0.001400832;0.001488896;0.002097152;0.001271808
