timestamp,sensorPosition,data_type_name,unit_type,units,value,latitude,longitude,configuration_checksum
2026-06-19T00:05:10.000Z,1,bm_soft_temperature_mean_13bits,temperature,°C,14.379999999999999,43.4727667,-70.3605,0x5e54227b
2026-06-19T00:05:10.000Z,2,aanderaa_reading_count_10bits,reading_count,count,4.0,43.4727667,-70.3605,0x5e54227b
2026-06-19T00:05:10.000Z,2,aanderaa_abs_speed_mean_15bits,speed,cm/s,6.21,43.4727667,-70.3605,0x5e54227b
2026-06-19T00:05:10.000Z,2,aanderaa_abs_speed_std_15bits,speed,cm/s,2.2,43.4727667,-70.3605,0x5e54227b
2026-06-19T00:05:10.000Z,2,aanderaa_direction_circ_mean_13bits,direction,rad,6.055,43.4727667,-70.3605,0x5e54227b
2026-06-19T00:05:10.000Z,2,aanderaa_direction_circ_std_13bits,direction,rad,0.448,43.4727667,-70.3605,0x5e54227b
2026-06-19T00:05:10.000Z,3,bm_do_quality_mean_10bits,quality_ratio,unitless,0.912,43.4727667,-70.3605,0x5e54227b
2026-06-19T00:05:10.000Z,2,aanderaa_abs_tilt_mean_8bits,tilt,rad,0.29,43.4727667,-70.3605,0x5e54227b
2026-06-19T00:05:10.000Z,2,aanderaa_temperature_mean_13bits,temperature,°C,11.440000000000001,43.4727667,-70.3605,0x5e54227b
2026-06-19T00:05:10.000Z,3,bm_do_mg_per_l_mean_17bits,mass_concentration,mg/L,8.606,43.4727667,-70.3605,0x5e54227b
2026-06-19T00:05:10.000Z,3,bm_do_salinity_mean_13bits,mass_ratio,parts per thousand,35.0,43.4727667,-70.3605,0x5e54227b
2026-06-19T00:05:10.000Z,3,bm_do_saturation_pct_mean_18bits,percentage,%,97.471,43.4727667,-70.3605,0x5e54227b
2026-06-19T00:05:10.000Z,3,bm_do_temperature_mean_16bits,temperature,°C,10.228,43.4727667,-70.3605,0x5e54227b
2026-06-19T00:05:10.000Z,2,aanderaa_std_tilt_mean_8bits,tilt,rad,0.03,43.4727667,-70.3605,0x5e54227b
2026-06-19T00:35:10.000Z,2,aanderaa_direction_circ_std_13bits,direction,rad,0.186,43.4727667,-70.3605,0x5e54227b
2026-06-19T00:35:10.000Z,2,aanderaa_reading_count_10bits,reading_count,count,4.0,43.4727667,-70.3605,0x5e54227b
2026-06-19T00:35:10.000Z,1,bm_soft_temperature_mean_13bits,temperature,°C,14.670000000000002,43.4727667,-70.3605,0x5e54227b
2026-06-19T00:35:10.000Z,2,aanderaa_abs_speed_mean_15bits,speed,cm/s,6.92,43.4727667,-70.3605,0x5e54227b
2026-06-19T00:35:10.000Z,2,aanderaa_abs_tilt_mean_8bits,tilt,rad,0.25,43.4727667,-70.3605,0x5e54227b
2026-06-19T00:35:10.000Z,2,aanderaa_direction_circ_mean_13bits,direction,rad,5.711,43.4727667,-70.3605,0x5e54227b
2026-06-19T00:35:10.000Z,2,aanderaa_abs_speed_std_15bits,speed,cm/s,0.77,43.4727667,-70.3605,0x5e54227b
2026-06-19T00:35:10.000Z,3,bm_do_saturation_pct_mean_18bits,percentage,%,96.316,43.4727667,-70.3605,0x5e54227b
2026-06-19T00:35:10.000Z,3,bm_do_mg_per_l_mean_17bits,mass_concentration,mg/L,8.503,43.4727667,-70.3605,0x5e54227b
2026-06-19T00:35:10.000Z,3,bm_do_quality_mean_10bits,quality_ratio,unitless,0.912,43.4727667,-70.3605,0x5e54227b
2026-06-19T00:35:10.000Z,3,bm_do_salinity_mean_13bits,mass_ratio,parts per thousand,35.0,43.4727667,-70.3605,0x5e54227b
2026-06-19T00:35:10.000Z,3,bm_do_temperature_mean_16bits,temperature,°C,10.256,43.4727667,-70.3605,0x5e54227b
2026-06-19T00:35:10.000Z,2,aanderaa_temperature_mean_13bits,temperature,°C,11.370000000000001,43.4727667,-70.3605,0x5e54227b
2026-06-19T00:35:10.000Z,2,aanderaa_std_tilt_mean_8bits,tilt,rad,0.02,43.4727667,-70.3605,0x5e54227b
2026-06-19T01:05:10.000Z,2,aanderaa_direction_circ_mean_13bits,direction,rad,5.587,43.4727167,-70.3605,0x5e54227b
2026-06-19T01:05:10.000Z,1,bm_soft_temperature_mean_13bits,temperature,°C,14.330000000000002,43.4727167,-70.3605,0x5e54227b
2026-06-19T01:05:10.000Z,2,aanderaa_abs_speed_mean_15bits,speed,cm/s,8.4,43.4727167,-70.3605,0x5e54227b
2026-06-19T01:05:10.000Z,2,aanderaa_abs_speed_std_15bits,speed,cm/s,0.99,43.4727167,-70.3605,0x5e54227b
2026-06-19T01:05:10.000Z,2,aanderaa_reading_count_10bits,reading_count,count,5.0,43.4727167,-70.3605,0x5e54227b
2026-06-19T01:05:10.000Z,2,aanderaa_direction_circ_std_13bits,direction,rad,0.506,43.4727167,-70.3605,0x5e54227b
2026-06-19T01:05:10.000Z,2,aanderaa_abs_tilt_mean_8bits,tilt,rad,0.14,43.4727167,-70.3605,0x5e54227b
2026-06-19T01:05:10.000Z,2,aanderaa_std_tilt_mean_8bits,tilt,rad,0.02,43.4727167,-70.3605,0x5e54227b
2026-06-19T01:05:10.000Z,3,bm_do_mg_per_l_mean_17bits,mass_concentration,mg/L,8.929,43.4727167,-70.3605,0x5e54227b
2026-06-19T01:05:10.000Z,3,bm_do_quality_mean_10bits,quality_ratio,unitless,0.912,43.4727167,-70.3605,0x5e54227b
2026-06-19T01:05:10.000Z,3,bm_do_salinity_mean_13bits,mass_ratio,parts per thousand,35.0,43.4727167,-70.3605,0x5e54227b
2026-06-19T01:05:10.000Z,3,bm_do_saturation_pct_mean_18bits,percentage,%,102.041,43.4727167,-70.3605,0x5e54227b
2026-06-19T01:05:10.000Z,3,bm_do_temperature_mean_16bits,temperature,°C,10.664,43.4727167,-70.3605,0x5e54227b
2026-06-19T01:05:10.000Z,2,aanderaa_temperature_mean_13bits,temperature,°C,11.46,43.4727167,-70.3605,0x5e54227b
2026-06-19T01:35:10.000Z,1,bm_soft_temperature_mean_13bits,temperature,°C,13.98,43.4727167,-70.3605,0x5e54227b
2026-06-19T01:35:10.000Z,2,aanderaa_abs_speed_mean_15bits,speed,cm/s,5.48,43.4727167,-70.3605,0x5e54227b
2026-06-19T01:35:10.000Z,2,aanderaa_abs_speed_std_15bits,speed,cm/s,2.49,43.4727167,-70.3605,0x5e54227b
2026-06-19T01:35:10.000Z,2,aanderaa_abs_tilt_mean_8bits,tilt,rad,0.16,43.4727167,-70.3605,0x5e54227b
2026-06-19T01:35:10.000Z,2,aanderaa_direction_circ_mean_13bits,direction,rad,5.448,43.4727167,-70.3605,0x5e54227b
2026-06-19T01:35:10.000Z,2,aanderaa_direction_circ_std_13bits,direction,rad,0.34500000000000003,43.4727167,-70.3605,0x5e54227b
2026-06-19T01:35:10.000Z,2,aanderaa_reading_count_10bits,reading_count,count,5.0,43.4727167,-70.3605,0x5e54227b
2026-06-19T01:35:10.000Z,2,aanderaa_std_tilt_mean_8bits,tilt,rad,0.03,43.4727167,-70.3605,0x5e54227b
2026-06-19T01:35:10.000Z,2,aanderaa_temperature_mean_13bits,temperature,°C,11.469999999999999,43.4727167,-70.3605,0x5e54227b
2026-06-19T01:35:10.000Z,3,bm_do_mg_per_l_mean_17bits,mass_concentration,mg/L,8.41,43.4727167,-70.3605,0x5e54227b
2026-06-19T01:35:10.000Z,3,bm_do_quality_mean_10bits,quality_ratio,unitless,0.912,43.4727167,-70.3605,0x5e54227b
2026-06-19T01:35:10.000Z,3,bm_do_salinity_mean_13bits,mass_ratio,parts per thousand,35.0,43.4727167,-70.3605,0x5e54227b
2026-06-19T01:35:10.000Z,3,bm_do_saturation_pct_mean_18bits,percentage,%,95.003,43.4727167,-70.3605,0x5e54227b
2026-06-19T01:35:10.000Z,3,bm_do_temperature_mean_16bits,temperature,°C,10.146,43.4727167,-70.3605,0x5e54227b
2026-06-19T02:05:10.000Z,2,aanderaa_direction_circ_std_13bits,direction,rad,0.343,43.4726833,-70.3607167,0x5e54227b
2026-06-19T02:05:10.000Z,1,bm_soft_temperature_mean_13bits,temperature,°C,14.14,43.4726833,-70.3607167,0x5e54227b
2026-06-19T02:05:10.000Z,2,aanderaa_abs_speed_mean_15bits,speed,cm/s,4.03,43.4726833,-70.3607167,0x5e54227b
2026-06-19T02:05:10.000Z,2,aanderaa_abs_speed_std_15bits,speed,cm/s,0.78,43.4726833,-70.3607167,0x5e54227b
2026-06-19T02:05:10.000Z,2,aanderaa_abs_tilt_mean_8bits,tilt,rad,0.14,43.4726833,-70.3607167,0x5e54227b
2026-06-19T02:05:10.000Z,2,aanderaa_direction_circ_mean_13bits,direction,rad,4.953,43.4726833,-70.3607167,0x5e54227b
2026-06-19T02:05:10.000Z,2,aanderaa_reading_count_10bits,reading_count,count,5.0,43.4726833,-70.3607167,0x5e54227b
2026-06-19T02:05:10.000Z,2,aanderaa_std_tilt_mean_8bits,tilt,rad,0.02,43.4726833,-70.3607167,0x5e54227b
2026-06-19T02:05:10.000Z,3,bm_do_mg_per_l_mean_17bits,mass_concentration,mg/L,8.476,43.4726833,-70.3607167,0x5e54227b
2026-06-19T02:05:10.000Z,3,bm_do_quality_mean_10bits,quality_ratio,unitless,0.912,43.4726833,-70.3607167,0x5e54227b
2026-06-19T02:05:10.000Z,3,bm_do_salinity_mean_13bits,mass_ratio,parts per thousand,35.0,43.4726833,-70.3607167,0x5e54227b
2026-06-19T02:05:10.000Z,3,bm_do_saturation_pct_mean_18bits,percentage,%,95.795,43.4726833,-70.3607167,0x5e54227b
2026-06-19T02:05:10.000Z,3,bm_do_temperature_mean_16bits,temperature,°C,10.155000000000001,43.4726833,-70.3607167,0x5e54227b
2026-06-19T02:05:10.000Z,2,aanderaa_temperature_mean_13bits,temperature,°C,11.7,43.4726833,-70.3607167,0x5e54227b
2026-06-19T02:35:10.000Z,2,aanderaa_direction_circ_std_13bits,direction,rad,0.468,43.4726833,-70.3607167,0x5e54227b
2026-06-19T02:35:10.000Z,1,bm_soft_temperature_mean_13bits,temperature,°C,13.89,43.4726833,-70.3607167,0x5e54227b
2026-06-19T02:35:10.000Z,2,aanderaa_abs_speed_mean_15bits,speed,cm/s,4.7,43.4726833,-70.3607167,0x5e54227b
2026-06-19T02:35:10.000Z,2,aanderaa_abs_speed_std_15bits,speed,cm/s,1.18,43.4726833,-70.3607167,0x5e54227b
2026-06-19T02:35:10.000Z,2,aanderaa_reading_count_10bits,reading_count,count,4.0,43.4726833,-70.3607167,0x5e54227b
2026-06-19T02:35:10.000Z,2,aanderaa_abs_tilt_mean_8bits,tilt,rad,0.08,43.4726833,-70.3607167,0x5e54227b
2026-06-19T02:35:10.000Z,2,aanderaa_direction_circ_mean_13bits,direction,rad,5.002,43.4726833,-70.3607167,0x5e54227b
2026-06-19T02:35:10.000Z,3,bm_do_mg_per_l_mean_17bits,mass_concentration,mg/L,8.498,43.4726833,-70.3607167,0x5e54227b
2026-06-19T02:35:10.000Z,2,aanderaa_temperature_mean_13bits,temperature,°C,11.84,43.4726833,-70.3607167,0x5e54227b
2026-06-19T02:35:10.000Z,3,bm_do_temperature_mean_16bits,temperature,°C,10.101,43.4726833,-70.3607167,0x5e54227b
2026-06-19T02:35:10.000Z,3,bm_do_saturation_pct_mean_18bits,percentage,%,95.953,43.4726833,-70.3607167,0x5e54227b
2026-06-19T02:35:10.000Z,2,aanderaa_std_tilt_mean_8bits,tilt,rad,0.03,43.4726833,-70.3607167,0x5e54227b
2026-06-19T02:35:10.000Z,3,bm_do_quality_mean_10bits,quality_ratio,unitless,0.912,43.4726833,-70.3607167,0x5e54227b
2026-06-19T02:35:10.000Z,3,bm_do_salinity_mean_13bits,mass_ratio,parts per thousand,35.0,43.4726833,-70.3607167,0x5e54227b
2026-06-19T03:05:10.000Z,2,aanderaa_reading_count_10bits,reading_count,count,5.0,43.4726333,-70.36075,0x5e54227b
2026-06-19T03:05:10.000Z,1,bm_soft_temperature_mean_13bits,temperature,°C,13.68,43.4726333,-70.36075,0x5e54227b
2026-06-19T03:05:10.000Z,2,aanderaa_abs_speed_mean_15bits,speed,cm/s,2.59,43.4726333,-70.36075,0x5e54227b
2026-06-19T03:05:10.000Z,2,aanderaa_abs_speed_std_15bits,speed,cm/s,2.18,43.4726333,-70.36075,0x5e54227b
2026-06-19T03:05:10.000Z,2,aanderaa_direction_circ_mean_13bits,direction,rad,3.0180000000000002,43.4726333,-70.36075,0x5e54227b
2026-06-19T03:05:10.000Z,2,aanderaa_direction_circ_std_13bits,direction,rad,0.9,43.4726333,-70.36075,0x5e54227b
2026-06-19T03:05:10.000Z,2,aanderaa_abs_tilt_mean_8bits,tilt,rad,0.06,43.4726333,-70.36075,0x5e54227b
2026-06-19T03:05:10.000Z,2,aanderaa_temperature_mean_13bits,temperature,°C,11.899999999999999,43.4726333,-70.36075,0x5e54227b
2026-06-19T03:05:10.000Z,3,bm_do_mg_per_l_mean_17bits,mass_concentration,mg/L,8.706,43.4726333,-70.36075,0x5e54227b
2026-06-19T03:05:10.000Z,3,bm_do_quality_mean_10bits,quality_ratio,unitless,0.912,43.4726333,-70.36075,0x5e54227b
2026-06-19T03:05:10.000Z,3,bm_do_salinity_mean_13bits,mass_ratio,parts per thousand,35.0,43.4726333,-70.36075,0x5e54227b
2026-06-19T03:05:10.000Z,3,bm_do_saturation_pct_mean_18bits,percentage,%,98.427,43.4726333,-70.36075,0x5e54227b
2026-06-19T03:05:10.000Z,3,bm_do_temperature_mean_16bits,temperature,°C,10.155000000000001,43.4726333,-70.36075,0x5e54227b
2026-06-19T03:05:10.000Z,2,aanderaa_std_tilt_mean_8bits,tilt,rad,0.03,43.4726333,-70.36075,0x5e54227b
2026-06-19T03:35:10.000Z,2,aanderaa_direction_circ_std_13bits,direction,rad,0.963,43.4726333,-70.36075,0x5e54227b
2026-06-19T03:35:10.000Z,2,aanderaa_reading_count_10bits,reading_count,count,5.0,43.4726333,-70.36075,0x5e54227b
2026-06-19T03:35:10.000Z,2,aanderaa_abs_speed_mean_15bits,speed,cm/s,2.62,43.4726333,-70.36075,0x5e54227b
2026-06-19T03:35:10.000Z,2,aanderaa_abs_speed_std_15bits,speed,cm/s,1.27,43.4726333,-70.36075,0x5e54227b
2026-06-19T03:35:10.000Z,2,aanderaa_abs_tilt_mean_8bits,tilt,rad,0.08,43.4726333,-70.36075,0x5e54227b
2026-06-19T03:35:10.000Z,2,aanderaa_direction_circ_mean_13bits,direction,rad,4.822,43.4726333,-70.36075,0x5e54227b
2026-06-19T03:35:10.000Z,1,bm_soft_temperature_mean_13bits,temperature,°C,13.740000000000002,43.4726333,-70.36075,0x5e54227b
2026-06-19T03:35:10.000Z,3,bm_do_saturation_pct_mean_18bits,percentage,%,100.98400000000001,43.4726333,-70.36075,0x5e54227b
2026-06-19T03:35:10.000Z,3,bm_do_mg_per_l_mean_17bits,mass_concentration,mg/L,8.874,43.4726333,-70.36075,0x5e54227b
2026-06-19T03:35:10.000Z,3,bm_do_quality_mean_10bits,quality_ratio,unitless,0.912,43.4726333,-70.36075,0x5e54227b
2026-06-19T03:35:10.000Z,3,bm_do_salinity_mean_13bits,mass_ratio,parts per thousand,35.0,43.4726333,-70.36075,0x5e54227b
2026-06-19T03:35:10.000Z,3,bm_do_temperature_mean_16bits,temperature,°C,10.447000000000001,43.4726333,-70.36075,0x5e54227b
2026-06-19T03:35:10.000Z,2,aanderaa_temperature_mean_13bits,temperature,°C,11.93,43.4726333,-70.36075,0x5e54227b
2026-06-19T03:35:10.000Z,2,aanderaa_std_tilt_mean_8bits,tilt,rad,0.03,43.4726333,-70.36075,0x5e54227b
2026-06-19T04:05:10.000Z,1,bm_soft_temperature_mean_13bits,temperature,°C,13.760000000000002,43.4726333,-70.3606333,0x5e54227b
2026-06-19T04:05:10.000Z,2,aanderaa_abs_speed_mean_15bits,speed,cm/s,5.18,43.4726333,-70.3606333,0x5e54227b
2026-06-19T04:05:10.000Z,2,aanderaa_abs_speed_std_15bits,speed,cm/s,0.09,43.4726333,-70.3606333,0x5e54227b
2026-06-19T04:05:10.000Z,2,aanderaa_abs_tilt_mean_8bits,tilt,rad,0.05,43.4726333,-70.3606333,0x5e54227b
2026-06-19T04:05:10.000Z,2,aanderaa_direction_circ_mean_13bits,direction,rad,4.862,43.4726333,-70.3606333,0x5e54227b
2026-06-19T04:05:10.000Z,2,aanderaa_direction_circ_std_13bits,direction,rad,0.313,43.4726333,-70.3606333,0x5e54227b
2026-06-19T04:05:10.000Z,2,aanderaa_reading_count_10bits,reading_count,count,3.0,43.4726333,-70.3606333,0x5e54227b
2026-06-19T04:05:10.000Z,2,aanderaa_std_tilt_mean_8bits,tilt,rad,0.02,43.4726333,-70.3606333,0x5e54227b
2026-06-19T04:05:10.000Z,3,bm_do_quality_mean_10bits,quality_ratio,unitless,0.912,43.4726333,-70.3606333,0x5e54227b
2026-06-19T04:05:10.000Z,3,bm_do_salinity_mean_13bits,mass_ratio,parts per thousand,35.0,43.4726333,-70.3606333,0x5e54227b
2026-06-19T04:05:10.000Z,3,bm_do_saturation_pct_mean_18bits,percentage,%,101.253,43.4726333,-70.3606333,0x5e54227b
2026-06-19T04:05:10.000Z,3,bm_do_temperature_mean_16bits,temperature,°C,10.637,43.4726333,-70.3606333,0x5e54227b
2026-06-19T04:05:10.000Z,2,aanderaa_temperature_mean_13bits,temperature,°C,12.190000000000001,43.4726333,-70.3606333,0x5e54227b
2026-06-19T04:05:10.000Z,3,bm_do_mg_per_l_mean_17bits,mass_concentration,mg/L,8.862,43.4726333,-70.3606333,0x5e54227b
2026-06-19T04:35:10.000Z,1,bm_soft_temperature_mean_13bits,temperature,°C,13.8,43.4726333,-70.3606333,0x5e54227b
2026-06-19T04:35:10.000Z,2,aanderaa_abs_speed_mean_15bits,speed,cm/s,5.14,43.4726333,-70.3606333,0x5e54227b
2026-06-19T04:35:10.000Z,2,aanderaa_abs_speed_std_15bits,speed,cm/s,0.97,43.4726333,-70.3606333,0x5e54227b
2026-06-19T04:35:10.000Z,2,aanderaa_abs_tilt_mean_8bits,tilt,rad,0.04,43.4726333,-70.3606333,0x5e54227b
2026-06-19T04:35:10.000Z,2,aanderaa_direction_circ_mean_13bits,direction,rad,0.881,43.4726333,-70.3606333,0x5e54227b
2026-06-19T04:35:10.000Z,2,aanderaa_direction_circ_std_13bits,direction,rad,0.466,43.4726333,-70.3606333,0x5e54227b
2026-06-19T04:35:10.000Z,2,aanderaa_reading_count_10bits,reading_count,count,5.0,43.4726333,-70.3606333,0x5e54227b
2026-06-19T04:35:10.000Z,2,aanderaa_temperature_mean_13bits,temperature,°C,12.219999999999999,43.4726333,-70.3606333,0x5e54227b
2026-06-19T04:35:10.000Z,3,bm_do_mg_per_l_mean_17bits,mass_concentration,mg/L,9.027000000000001,43.4726333,-70.3606333,0x5e54227b
2026-06-19T04:35:10.000Z,3,bm_do_quality_mean_10bits,quality_ratio,unitless,0.912,43.4726333,-70.3606333,0x5e54227b
2026-06-19T04:35:10.000Z,3,bm_do_salinity_mean_13bits,mass_ratio,parts per thousand,35.0,43.4726333,-70.3606333,0x5e54227b
2026-06-19T04:35:10.000Z,3,bm_do_saturation_pct_mean_18bits,percentage,%,103.607,43.4726333,-70.3606333,0x5e54227b
2026-06-19T04:35:10.000Z,3,bm_do_temperature_mean_16bits,temperature,°C,10.836,43.4726333,-70.3606333,0x5e54227b
2026-06-19T04:35:10.000Z,2,aanderaa_std_tilt_mean_8bits,tilt,rad,0.02,43.4726333,-70.3606333,0x5e54227b
2026-06-19T05:05:10.000Z,2,aanderaa_direction_circ_mean_13bits,direction,rad,1.468,43.4726333,-70.3606167,0x5e54227b
2026-06-19T05:05:10.000Z,2,aanderaa_abs_tilt_mean_8bits,tilt,rad,0.03,43.4726333,-70.3606167,0x5e54227b
2026-06-19T05:05:10.000Z,2,aanderaa_reading_count_10bits,reading_count,count,5.0,43.4726333,-70.3606167,0x5e54227b
2026-06-19T05:05:10.000Z,2,aanderaa_abs_speed_mean_15bits,speed,cm/s,4.91,43.4726333,-70.3606167,0x5e54227b
2026-06-19T05:05:10.000Z,1,bm_soft_temperature_mean_13bits,temperature,°C,13.850000000000001,43.4726333,-70.3606167,0x5e54227b
2026-06-19T05:05:10.000Z,2,aanderaa_direction_circ_std_13bits,direction,rad,0.65,43.4726333,-70.3606167,0x5e54227b
2026-06-19T05:05:10.000Z,2,aanderaa_abs_speed_std_15bits,speed,cm/s,1.1400000000000001,43.4726333,-70.3606167,0x5e54227b
2026-06-19T05:05:10.000Z,2,aanderaa_std_tilt_mean_8bits,tilt,rad,0.01,43.4726333,-70.3606167,0x5e54227b
2026-06-19T05:05:10.000Z,3,bm_do_quality_mean_10bits,quality_ratio,unitless,0.912,43.4726333,-70.3606167,0x5e54227b
2026-06-19T05:05:10.000Z,3,bm_do_salinity_mean_13bits,mass_ratio,parts per thousand,35.0,43.4726333,-70.3606167,0x5e54227b
2026-06-19T05:05:10.000Z,3,bm_do_saturation_pct_mean_18bits,percentage,%,108.285,43.4726333,-70.3606167,0x5e54227b
2026-06-19T05:05:10.000Z,3,bm_do_temperature_mean_16bits,temperature,°C,10.999,43.4726333,-70.3606167,0x5e54227b
2026-06-19T05:05:10.000Z,2,aanderaa_temperature_mean_13bits,temperature,°C,12.29,43.4726333,-70.3606167,0x5e54227b
2026-06-19T05:05:10.000Z,3,bm_do_mg_per_l_mean_17bits,mass_concentration,mg/L,9.402000000000001,43.4726333,-70.3606167,0x5e54227b
2026-06-19T05:35:10.000Z,2,aanderaa_direction_circ_mean_13bits,direction,rad,2.458,43.4726333,-70.3606167,0x5e54227b
2026-06-19T05:35:10.000Z,2,aanderaa_reading_count_10bits,reading_count,count,5.0,43.4726333,-70.3606167,0x5e54227b
2026-06-19T05:35:10.000Z,1,bm_soft_temperature_mean_13bits,temperature,°C,13.920000000000002,43.4726333,-70.3606167,0x5e54227b
2026-06-19T05:35:10.000Z,2,aanderaa_abs_speed_mean_15bits,speed,cm/s,6.82,43.4726333,-70.3606167,0x5e54227b
2026-06-19T05:35:10.000Z,2,aanderaa_abs_speed_std_15bits,speed,cm/s,2.29,43.4726333,-70.3606167,0x5e54227b
2026-06-19T05:35:10.000Z,2,aanderaa_direction_circ_std_13bits,direction,rad,0.145,43.4726333,-70.3606167,0x5e54227b
2026-06-19T05:35:10.000Z,2,aanderaa_abs_tilt_mean_8bits,tilt,rad,0.06,43.4726333,-70.3606167,0x5e54227b
2026-06-19T05:35:10.000Z,2,aanderaa_std_tilt_mean_8bits,tilt,rad,0.02,43.4726333,-70.3606167,0x5e54227b
2026-06-19T05:35:10.000Z,3,bm_do_temperature_mean_16bits,temperature,°C,11.107000000000001,43.4726333,-70.3606167,0x5e54227b
2026-06-19T05:35:10.000Z,3,bm_do_saturation_pct_mean_18bits,percentage,%,107.32300000000001,43.4726333,-70.3606167,0x5e54227b
2026-06-19T05:35:10.000Z,3,bm_do_salinity_mean_13bits,mass_ratio,parts per thousand,35.0,43.4726333,-70.3606167,0x5e54227b
2026-06-19T05:35:10.000Z,3,bm_do_mg_per_l_mean_17bits,mass_concentration,mg/L,9.299,43.4726333,-70.3606167,0x5e54227b
2026-06-19T05:35:10.000Z,2,aanderaa_temperature_mean_13bits,temperature,°C,12.36,43.4726333,-70.3606167,0x5e54227b
2026-06-19T05:35:10.000Z,3,bm_do_quality_mean_10bits,quality_ratio,unitless,0.912,43.4726333,-70.3606167,0x5e54227b
2026-06-19T06:05:10.000Z,2,aanderaa_reading_count_10bits,reading_count,count,5.0,43.47265,-70.3605167,0x5e54227b
2026-06-19T06:05:10.000Z,1,bm_soft_temperature_mean_13bits,temperature,°C,14.2,43.47265,-70.3605167,0x5e54227b
2026-06-19T06:05:10.000Z,2,aanderaa_abs_speed_mean_15bits,speed,cm/s,5.39,43.47265,-70.3605167,0x5e54227b
2026-06-19T06:05:10.000Z,2,aanderaa_abs_tilt_mean_8bits,tilt,rad,0.07,43.47265,-70.3605167,0x5e54227b
2026-06-19T06:05:10.000Z,2,aanderaa_direction_circ_std_13bits,direction,rad,0.316,43.47265,-70.3605167,0x5e54227b
2026-06-19T06:05:10.000Z,2,aanderaa_abs_speed_std_15bits,speed,cm/s,1.86,43.47265,-70.3605167,0x5e54227b
2026-06-19T06:05:10.000Z,2,aanderaa_direction_circ_mean_13bits,direction,rad,2.216,43.47265,-70.3605167,0x5e54227b
2026-06-19T06:05:10.000Z,3,bm_do_mg_per_l_mean_17bits,mass_concentration,mg/L,9.226,43.47265,-70.3605167,0x5e54227b
2026-06-19T06:05:10.000Z,3,bm_do_quality_mean_10bits,quality_ratio,unitless,0.912,43.47265,-70.3605167,0x5e54227b
2026-06-19T06:05:10.000Z,3,bm_do_salinity_mean_13bits,mass_ratio,parts per thousand,35.0,43.47265,-70.3605167,0x5e54227b
2026-06-19T06:05:10.000Z,3,bm_do_saturation_pct_mean_18bits,percentage,%,106.485,43.47265,-70.3605167,0x5e54227b
2026-06-19T06:05:10.000Z,3,bm_do_temperature_mean_16bits,temperature,°C,11.107000000000001,43.47265,-70.3605167,0x5e54227b
2026-06-19T06:05:10.000Z,2,aanderaa_temperature_mean_13bits,temperature,°C,12.55,43.47265,-70.3605167,0x5e54227b
2026-06-19T06:05:10.000Z,2,aanderaa_std_tilt_mean_8bits,tilt,rad,0.03,43.47265,-70.3605167,0x5e54227b
2026-06-19T06:35:10.000Z,2,aanderaa_direction_circ_std_13bits,direction,rad,0.17500000000000002,43.47265,-70.3605167,0x5e54227b
2026-06-19T06:35:10.000Z,2,aanderaa_direction_circ_mean_13bits,direction,rad,1.471,43.47265,-70.3605167,0x5e54227b
2026-06-19T06:35:10.000Z,2,aanderaa_abs_tilt_mean_8bits,tilt,rad,0.09,43.47265,-70.3605167,0x5e54227b
2026-06-19T06:35:10.000Z,1,bm_soft_temperature_mean_13bits,temperature,°C,14.219999999999999,43.47265,-70.3605167,0x5e54227b
2026-06-19T06:35:10.000Z,2,aanderaa_abs_speed_mean_15bits,speed,cm/s,5.89,43.47265,-70.3605167,0x5e54227b
2026-06-19T06:35:10.000Z,2,aanderaa_reading_count_10bits,reading_count,count,5.0,43.47265,-70.3605167,0x5e54227b
2026-06-19T06:35:10.000Z,2,aanderaa_abs_speed_std_15bits,speed,cm/s,3.17,43.47265,-70.3605167,0x5e54227b
2026-06-19T06:35:10.000Z,3,bm_do_saturation_pct_mean_18bits,percentage,%,106.883,43.47265,-70.3605167,0x5e54227b
2026-06-19T06:35:10.000Z,3,bm_do_mg_per_l_mean_17bits,mass_concentration,mg/L,9.233,43.47265,-70.3605167,0x5e54227b
2026-06-19T06:35:10.000Z,3,bm_do_quality_mean_10bits,quality_ratio,unitless,0.912,43.47265,-70.3605167,0x5e54227b
2026-06-19T06:35:10.000Z,3,bm_do_salinity_mean_13bits,mass_ratio,parts per thousand,35.0,43.47265,-70.3605167,0x5e54227b
2026-06-19T06:35:10.000Z,3,bm_do_temperature_mean_16bits,temperature,°C,11.233,43.47265,-70.3605167,0x5e54227b
2026-06-19T06:35:10.000Z,2,aanderaa_temperature_mean_13bits,temperature,°C,12.68,43.47265,-70.3605167,0x5e54227b
2026-06-19T06:35:10.000Z,2,aanderaa_std_tilt_mean_8bits,tilt,rad,0.02,43.47265,-70.3605167,0x5e54227b
2026-06-19T07:05:10.000Z,2,aanderaa_abs_speed_mean_15bits,speed,cm/s,5.9,43.4726167,-70.3605,0x5e54227b
2026-06-19T07:05:10.000Z,1,bm_soft_temperature_mean_13bits,temperature,°C,13.530000000000001,43.4726167,-70.3605,0x5e54227b
2026-06-19T07:05:10.000Z,2,aanderaa_abs_speed_std_15bits,speed,cm/s,1.41,43.4726167,-70.3605,0x5e54227b
2026-06-19T07:05:10.000Z,2,aanderaa_std_tilt_mean_8bits,tilt,rad,0.02,43.4726167,-70.3605,0x5e54227b
2026-06-19T07:05:10.000Z,2,aanderaa_abs_tilt_mean_8bits,tilt,rad,0.1,43.4726167,-70.3605,0x5e54227b
2026-06-19T07:05:10.000Z,2,aanderaa_direction_circ_std_13bits,direction,rad,0.248,43.4726167,-70.3605,0x5e54227b
2026-06-19T07:05:10.000Z,2,aanderaa_direction_circ_mean_13bits,direction,rad,0.59,43.4726167,-70.3605,0x5e54227b
2026-06-19T07:05:10.000Z,3,bm_do_mg_per_l_mean_17bits,mass_concentration,mg/L,9.203,43.4726167,-70.3605,0x5e54227b
2026-06-19T07:05:10.000Z,2,aanderaa_reading_count_10bits,reading_count,count,5.0,43.4726167,-70.3605,0x5e54227b
2026-06-19T07:05:10.000Z,2,aanderaa_temperature_mean_13bits,temperature,°C,12.370000000000001,43.4726167,-70.3605,0x5e54227b
2026-06-19T07:05:10.000Z,3,bm_do_quality_mean_10bits,quality_ratio,unitless,0.912,43.4726167,-70.3605,0x5e54227b
2026-06-19T07:05:10.000Z,3,bm_do_salinity_mean_13bits,mass_ratio,parts per thousand,35.0,43.4726167,-70.3605,0x5e54227b
2026-06-19T07:05:10.000Z,3,bm_do_saturation_pct_mean_18bits,percentage,%,106.221,43.4726167,-70.3605,0x5e54227b
2026-06-19T07:05:10.000Z,3,bm_do_temperature_mean_16bits,temperature,°C,11.107000000000001,43.4726167,-70.3605,0x5e54227b
2026-06-19T07:35:10.000Z,2,aanderaa_direction_circ_std_13bits,direction,rad,0.339,43.4726167,-70.3605,0x5e54227b
2026-06-19T07:35:10.000Z,1,bm_soft_temperature_mean_13bits,temperature,°C,13.990000000000002,43.4726167,-70.3605,0x5e54227b
2026-06-19T07:35:10.000Z,2,aanderaa_abs_speed_mean_15bits,speed,cm/s,5.99,43.4726167,-70.3605,0x5e54227b
2026-06-19T07:35:10.000Z,2,aanderaa_abs_speed_std_15bits,speed,cm/s,1.72,43.4726167,-70.3605,0x5e54227b
2026-06-19T07:35:10.000Z,2,aanderaa_abs_tilt_mean_8bits,tilt,rad,0.08,43.4726167,-70.3605,0x5e54227b
2026-06-19T07:35:10.000Z,2,aanderaa_direction_circ_mean_13bits,direction,rad,0.727,43.4726167,-70.3605,0x5e54227b
2026-06-19T07:35:10.000Z,2,aanderaa_reading_count_10bits,reading_count,count,5.0,43.4726167,-70.3605,0x5e54227b
2026-06-19T07:35:10.000Z,3,bm_do_mg_per_l_mean_17bits,mass_concentration,mg/L,9.226,43.4726167,-70.3605,0x5e54227b
2026-06-19T07:35:10.000Z,3,bm_do_quality_mean_10bits,quality_ratio,unitless,0.912,43.4726167,-70.3605,0x5e54227b
2026-06-19T07:35:10.000Z,3,bm_do_salinity_mean_13bits,mass_ratio,parts per thousand,35.0,43.4726167,-70.3605,0x5e54227b
2026-06-19T07:35:10.000Z,3,bm_do_saturation_pct_mean_18bits,percentage,%,106.58800000000001,43.4726167,-70.3605,0x5e54227b
2026-06-19T07:35:10.000Z,2,aanderaa_std_tilt_mean_8bits,tilt,rad,0.02,43.4726167,-70.3605,0x5e54227b
2026-06-19T07:35:10.000Z,3,bm_do_temperature_mean_16bits,temperature,°C,11.161000000000001,43.4726167,-70.3605,0x5e54227b
2026-06-19T07:35:10.000Z,2,aanderaa_temperature_mean_13bits,temperature,°C,12.370000000000001,43.4726167,-70.3605,0x5e54227b
2026-06-19T08:05:10.000Z,2,aanderaa_direction_circ_std_13bits,direction,rad,0.08,43.4726333,-70.3604833,0x5e54227b
2026-06-19T08:05:10.000Z,1,bm_soft_temperature_mean_13bits,temperature,°C,14.39,43.4726333,-70.3604833,0x5e54227b
2026-06-19T08:05:10.000Z,2,aanderaa_abs_speed_mean_15bits,speed,cm/s,7.5600000000000005,43.4726333,-70.3604833,0x5e54227b
2026-06-19T08:05:10.000Z,2,aanderaa_abs_speed_std_15bits,speed,cm/s,0.5700000000000001,43.4726333,-70.3604833,0x5e54227b
2026-06-19T08:05:10.000Z,2,aanderaa_abs_tilt_mean_8bits,tilt,rad,0.12,43.4726333,-70.3604833,0x5e54227b
2026-06-19T08:05:10.000Z,2,aanderaa_direction_circ_mean_13bits,direction,rad,1.102,43.4726333,-70.3604833,0x5e54227b
2026-06-19T08:05:10.000Z,2,aanderaa_reading_count_10bits,reading_count,count,3.0,43.4726333,-70.3604833,0x5e54227b
2026-06-19T08:05:10.000Z,3,bm_do_temperature_mean_16bits,temperature,°C,11.098,43.4726333,-70.3604833,0x5e54227b
2026-06-19T08:05:10.000Z,2,aanderaa_temperature_mean_13bits,temperature,°C,12.32,43.4726333,-70.3604833,0x5e54227b
2026-06-19T08:05:10.000Z,3,bm_do_mg_per_l_mean_17bits,mass_concentration,mg/L,9.142,43.4726333,-70.3604833,0x5e54227b
2026-06-19T08:05:10.000Z,3,bm_do_quality_mean_10bits,quality_ratio,unitless,0.912,43.4726333,-70.3604833,0x5e54227b
2026-06-19T08:05:10.000Z,3,bm_do_salinity_mean_13bits,mass_ratio,parts per thousand,35.0,43.4726333,-70.3604833,0x5e54227b
2026-06-19T08:05:10.000Z,3,bm_do_saturation_pct_mean_18bits,percentage,%,105.48400000000001,43.4726333,-70.3604833,0x5e54227b
2026-06-19T08:05:10.000Z,2,aanderaa_std_tilt_mean_8bits,tilt,rad,0.02,43.4726333,-70.3604833,0x5e54227b
2026-06-19T08:35:10.000Z,2,aanderaa_direction_circ_std_13bits,direction,rad,0.069,43.4726333,-70.3604833,0x5e54227b
2026-06-19T08:35:10.000Z,1,bm_soft_temperature_mean_13bits,temperature,°C,14.469999999999999,43.4726333,-70.3604833,0x5e54227b
2026-06-19T08:35:10.000Z,2,aanderaa_abs_speed_mean_15bits,speed,cm/s,7.4,43.4726333,-70.3604833,0x5e54227b
2026-06-19T08:35:10.000Z,2,aanderaa_abs_speed_std_15bits,speed,cm/s,1.01,43.4726333,-70.3604833,0x5e54227b
2026-06-19T08:35:10.000Z,2,aanderaa_abs_tilt_mean_8bits,tilt,rad,0.14,43.4726333,-70.3604833,0x5e54227b
2026-06-19T08:35:10.000Z,2,aanderaa_direction_circ_mean_13bits,direction,rad,1.549,43.4726333,-70.3604833,0x5e54227b
2026-06-19T08:35:10.000Z,2,aanderaa_reading_count_10bits,reading_count,count,4.0,43.4726333,-70.3604833,0x5e54227b
2026-06-19T08:35:10.000Z,3,bm_do_temperature_mean_16bits,temperature,°C,11.044,43.4726333,-70.3604833,0x5e54227b
2026-06-19T08:35:10.000Z,2,aanderaa_temperature_mean_13bits,temperature,°C,12.48,43.4726333,-70.3604833,0x5e54227b
2026-06-19T08:35:10.000Z,3,bm_do_saturation_pct_mean_18bits,percentage,%,103.252,43.4726333,-70.3604833,0x5e54227b
2026-06-19T08:35:10.000Z,3,bm_do_salinity_mean_13bits,mass_ratio,parts per thousand,35.0,43.4726333,-70.3604833,0x5e54227b
2026-06-19T08:35:10.000Z,2,aanderaa_std_tilt_mean_8bits,tilt,rad,0.02,43.4726333,-70.3604833,0x5e54227b
2026-06-19T08:35:10.000Z,3,bm_do_mg_per_l_mean_17bits,mass_concentration,mg/L,8.961,43.4726333,-70.3604833,0x5e54227b
2026-06-19T08:35:10.000Z,3,bm_do_quality_mean_10bits,quality_ratio,unitless,0.912,43.4726333,-70.3604833,0x5e54227b
2026-06-19T09:05:10.000Z,2,aanderaa_reading_count_10bits,reading_count,count,3.0,43.4726333,-70.3604667,0x5e54227b
2026-06-19T09:05:10.000Z,1,bm_soft_temperature_mean_13bits,temperature,°C,14.600000000000001,43.4726333,-70.3604667,0x5e54227b
2026-06-19T09:05:10.000Z,2,aanderaa_abs_speed_mean_15bits,speed,cm/s,7.46,43.4726333,-70.3604667,0x5e54227b
2026-06-19T09:05:10.000Z,2,aanderaa_abs_speed_std_15bits,speed,cm/s,1.04,43.4726333,-70.3604667,0x5e54227b
2026-06-19T09:05:10.000Z,2,aanderaa_direction_circ_mean_13bits,direction,rad,1.071,43.4726333,-70.3604667,0x5e54227b
2026-06-19T09:05:10.000Z,2,aanderaa_direction_circ_std_13bits,direction,rad,0.279,43.4726333,-70.3604667,0x5e54227b
2026-06-19T09:05:10.000Z,2,aanderaa_abs_tilt_mean_8bits,tilt,rad,0.14,43.4726333,-70.3604667,0x5e54227b
2026-06-19T09:05:10.000Z,2,aanderaa_std_tilt_mean_8bits,tilt,rad,0.02,43.4726333,-70.3604667,0x5e54227b
2026-06-19T09:05:10.000Z,2,aanderaa_temperature_mean_13bits,temperature,°C,12.34,43.4726333,-70.3604667,0x5e54227b
2026-06-19T09:05:10.000Z,3,bm_do_mg_per_l_mean_17bits,mass_concentration,mg/L,8.654,43.4726333,-70.3604667,0x5e54227b
2026-06-19T09:05:10.000Z,3,bm_do_quality_mean_10bits,quality_ratio,unitless,0.912,43.4726333,-70.3604667,0x5e54227b
2026-06-19T09:05:10.000Z,3,bm_do_salinity_mean_13bits,mass_ratio,parts per thousand,35.0,43.4726333,-70.3604667,0x5e54227b
2026-06-19T09:05:10.000Z,3,bm_do_saturation_pct_mean_18bits,percentage,%,99.10300000000001,43.4726333,-70.3604667,0x5e54227b
2026-06-19T09:05:10.000Z,3,bm_do_temperature_mean_16bits,temperature,°C,10.764000000000001,43.4726333,-70.3604667,0x5e54227b
2026-06-19T09:35:10.000Z,2,aanderaa_direction_circ_mean_13bits,direction,rad,1.124,43.4726333,-70.3604667,0x5e54227b
2026-06-19T09:35:10.000Z,1,bm_soft_temperature_mean_13bits,temperature,°C,14.52,43.4726333,-70.3604667,0x5e54227b
2026-06-19T09:35:10.000Z,2,aanderaa_abs_speed_mean_15bits,speed,cm/s,7.66,43.4726333,-70.3604667,0x5e54227b
2026-06-19T09:35:10.000Z,2,aanderaa_direction_circ_std_13bits,direction,rad,0.159,43.4726333,-70.3604667,0x5e54227b
2026-06-19T09:35:10.000Z,2,aanderaa_abs_speed_std_15bits,speed,cm/s,1.01,43.4726333,-70.3604667,0x5e54227b
2026-06-19T09:35:10.000Z,2,aanderaa_abs_tilt_mean_8bits,tilt,rad,0.2,43.4726333,-70.3604667,0x5e54227b
2026-06-19T09:35:10.000Z,2,aanderaa_reading_count_10bits,reading_count,count,5.0,43.4726333,-70.3604667,0x5e54227b
2026-06-19T09:35:10.000Z,3,bm_do_salinity_mean_13bits,mass_ratio,parts per thousand,35.0,43.4726333,-70.3604667,0x5e54227b
2026-06-19T09:35:10.000Z,2,aanderaa_temperature_mean_13bits,temperature,°C,12.650000000000002,43.4726333,-70.3604667,0x5e54227b
2026-06-19T09:35:10.000Z,3,bm_do_mg_per_l_mean_17bits,mass_concentration,mg/L,8.672,43.4726333,-70.3604667,0x5e54227b
2026-06-19T09:35:10.000Z,3,bm_do_quality_mean_10bits,quality_ratio,unitless,0.912,43.4726333,-70.3604667,0x5e54227b
2026-06-19T09:35:10.000Z,3,bm_do_saturation_pct_mean_18bits,percentage,%,99.121,43.4726333,-70.3604667,0x5e54227b
2026-06-19T09:35:10.000Z,2,aanderaa_std_tilt_mean_8bits,tilt,rad,0.03,43.4726333,-70.3604667,0x5e54227b
2026-06-19T09:35:10.000Z,3,bm_do_temperature_mean_16bits,temperature,°C,10.691,43.4726333,-70.3604667,0x5e54227b
2026-06-19T10:05:10.000Z,2,aanderaa_direction_circ_std_13bits,direction,rad,0.192,43.4726333,-70.36045,0x5e54227b
2026-06-19T10:05:10.000Z,2,aanderaa_reading_count_10bits,reading_count,count,4.0,43.4726333,-70.36045,0x5e54227b
2026-06-19T10:05:10.000Z,1,bm_soft_temperature_mean_13bits,temperature,°C,14.260000000000002,43.4726333,-70.36045,0x5e54227b
2026-06-19T10:05:10.000Z,2,aanderaa_abs_speed_mean_15bits,speed,cm/s,7.67,43.4726333,-70.36045,0x5e54227b
2026-06-19T10:05:10.000Z,2,aanderaa_abs_speed_std_15bits,speed,cm/s,3.29,43.4726333,-70.36045,0x5e54227b
2026-06-19T10:05:10.000Z,2,aanderaa_abs_tilt_mean_8bits,tilt,rad,0.21,43.4726333,-70.36045,0x5e54227b
2026-06-19T10:05:10.000Z,2,aanderaa_direction_circ_mean_13bits,direction,rad,0.913,43.4726333,-70.36045,0x5e54227b
2026-06-19T10:05:10.000Z,3,bm_do_temperature_mean_16bits,temperature,°C,10.673,43.4726333,-70.36045,0x5e54227b
2026-06-19T10:05:10.000Z,3,bm_do_mg_per_l_mean_17bits,mass_concentration,mg/L,8.642,43.4726333,-70.36045,0x5e54227b
2026-06-19T10:05:10.000Z,3,bm_do_quality_mean_10bits,quality_ratio,unitless,0.912,43.4726333,-70.36045,0x5e54227b
2026-06-19T10:05:10.000Z,3,bm_do_salinity_mean_13bits,mass_ratio,parts per thousand,35.0,43.4726333,-70.36045,0x5e54227b
2026-06-19T10:05:10.000Z,3,bm_do_saturation_pct_mean_18bits,percentage,%,98.694,43.4726333,-70.36045,0x5e54227b
2026-06-19T10:05:10.000Z,2,aanderaa_temperature_mean_13bits,temperature,°C,12.620000000000001,43.4726333,-70.36045,0x5e54227b
2026-06-19T10:05:10.000Z,2,aanderaa_std_tilt_mean_8bits,tilt,rad,0.03,43.4726333,-70.36045,0x5e54227b
2026-06-19T10:35:10.000Z,2,aanderaa_abs_speed_mean_15bits,speed,cm/s,4.7,43.4726333,-70.36045,0x5e54227b
2026-06-19T10:35:10.000Z,2,aanderaa_abs_speed_std_15bits,speed,cm/s,0.76,43.4726333,-70.36045,0x5e54227b
2026-06-19T10:35:10.000Z,2,aanderaa_abs_tilt_mean_8bits,tilt,rad,0.21,43.4726333,-70.36045,0x5e54227b
2026-06-19T10:35:10.000Z,2,aanderaa_direction_circ_mean_13bits,direction,rad,1.034,43.4726333,-70.36045,0x5e54227b
2026-06-19T10:35:10.000Z,2,aanderaa_direction_circ_std_13bits,direction,rad,0.902,43.4726333,-70.36045,0x5e54227b
2026-06-19T10:35:10.000Z,2,aanderaa_reading_count_10bits,reading_count,count,5.0,43.4726333,-70.36045,0x5e54227b
2026-06-19T10:35:10.000Z,1,bm_soft_temperature_mean_13bits,temperature,°C,14.240000000000002,43.4726333,-70.36045,0x5e54227b
2026-06-19T10:35:10.000Z,2,aanderaa_temperature_mean_13bits,temperature,°C,12.469999999999999,43.4726333,-70.36045,0x5e54227b
2026-06-19T10:35:10.000Z,3,bm_do_mg_per_l_mean_17bits,mass_concentration,mg/L,8.118,43.4726333,-70.36045,0x5e54227b
2026-06-19T10:35:10.000Z,3,bm_do_quality_mean_10bits,quality_ratio,unitless,0.912,43.4726333,-70.36045,0x5e54227b
2026-06-19T10:35:10.000Z,3,bm_do_salinity_mean_13bits,mass_ratio,parts per thousand,35.0,43.4726333,-70.36045,0x5e54227b
2026-06-19T10:35:10.000Z,3,bm_do_saturation_pct_mean_18bits,percentage,%,92.256,43.4726333,-70.36045,0x5e54227b
2026-06-19T10:35:10.000Z,3,bm_do_temperature_mean_16bits,temperature,°C,10.447000000000001,43.4726333,-70.36045,0x5e54227b
2026-06-19T10:35:10.000Z,2,aanderaa_std_tilt_mean_8bits,tilt,rad,0.02,43.4726333,-70.36045,0x5e54227b
2026-06-19T11:05:10.000Z,2,aanderaa_reading_count_10bits,reading_count,count,5.0,43.4727667,-70.3605,0x5e54227b
2026-06-19T11:05:10.000Z,1,bm_soft_temperature_mean_13bits,temperature,°C,14.240000000000002,43.4727667,-70.3605,0x5e54227b
2026-06-19T11:05:10.000Z,2,aanderaa_abs_speed_mean_15bits,speed,cm/s,7.5,43.4727667,-70.3605,0x5e54227b
2026-06-19T11:05:10.000Z,2,aanderaa_abs_speed_std_15bits,speed,cm/s,0.6,43.4727667,-70.3605,0x5e54227b
2026-06-19T11:05:10.000Z,2,aanderaa_abs_tilt_mean_8bits,tilt,rad,0.21,43.4727667,-70.3605,0x5e54227b
2026-06-19T11:05:10.000Z,2,aanderaa_direction_circ_mean_13bits,direction,rad,1.068,43.4727667,-70.3605,0x5e54227b
2026-06-19T11:05:10.000Z,2,aanderaa_direction_circ_std_13bits,direction,rad,0.28700000000000003,43.4727667,-70.3605,0x5e54227b
2026-06-19T11:05:10.000Z,3,bm_do_temperature_mean_16bits,temperature,°C,10.237,43.4727667,-70.3605,0x5e54227b
2026-06-19T11:05:10.000Z,2,aanderaa_temperature_mean_13bits,temperature,°C,12.379999999999999,43.4727667,-70.3605,0x5e54227b
2026-06-19T11:05:10.000Z,3,bm_do_mg_per_l_mean_17bits,mass_concentration,mg/L,8.052,43.4727667,-70.3605,0x5e54227b
2026-06-19T11:05:10.000Z,3,bm_do_quality_mean_10bits,quality_ratio,unitless,0.912,43.4727667,-70.3605,0x5e54227b
2026-06-19T11:05:10.000Z,3,bm_do_salinity_mean_13bits,mass_ratio,parts per thousand,35.0,43.4727667,-70.3605,0x5e54227b
2026-06-19T11:05:10.000Z,3,bm_do_saturation_pct_mean_18bits,percentage,%,91.09100000000001,43.4727667,-70.3605,0x5e54227b
2026-06-19T11:05:10.000Z,2,aanderaa_std_tilt_mean_8bits,tilt,rad,0.03,43.4727667,-70.3605,0x5e54227b
2026-06-19T11:35:10.000Z,2,aanderaa_direction_circ_mean_13bits,direction,rad,1.344,43.4727667,-70.3605,0x5e54227b
2026-06-19T11:35:10.000Z,1,bm_soft_temperature_mean_13bits,temperature,°C,15.170000000000002,43.4727667,-70.3605,0x5e54227b
2026-06-19T11:35:10.000Z,2,aanderaa_abs_speed_mean_15bits,speed,cm/s,7.96,43.4727667,-70.3605,0x5e54227b
2026-06-19T11:35:10.000Z,2,aanderaa_abs_speed_std_15bits,speed,cm/s,0.79,43.4727667,-70.3605,0x5e54227b
2026-06-19T11:35:10.000Z,2,aanderaa_abs_tilt_mean_8bits,tilt,rad,0.33,43.4727667,-70.3605,0x5e54227b
2026-06-19T11:35:10.000Z,2,aanderaa_direction_circ_std_13bits,direction,rad,0.256,43.4727667,-70.3605,0x5e54227b
2026-06-19T11:35:10.000Z,2,aanderaa_reading_count_10bits,reading_count,count,5.0,43.4727667,-70.3605,0x5e54227b
2026-06-19T11:35:10.000Z,2,aanderaa_std_tilt_mean_8bits,tilt,rad,0.02,43.4727667,-70.3605,0x5e54227b
2026-06-19T11:35:10.000Z,2,aanderaa_temperature_mean_13bits,temperature,°C,12.780000000000001,43.4727667,-70.3605,0x5e54227b
2026-06-19T11:35:10.000Z,3,bm_do_mg_per_l_mean_17bits,mass_concentration,mg/L,8.099,43.4727667,-70.3605,0x5e54227b
2026-06-19T11:35:10.000Z,3,bm_do_quality_mean_10bits,quality_ratio,unitless,0.912,43.4727667,-70.3605,0x5e54227b
2026-06-19T11:35:10.000Z,3,bm_do_salinity_mean_13bits,mass_ratio,parts per thousand,35.0,43.4727667,-70.3605,0x5e54227b
2026-06-19T11:35:10.000Z,3,bm_do_saturation_pct_mean_18bits,percentage,%,91.632,43.4727667,-70.3605,0x5e54227b
2026-06-19T11:35:10.000Z,3,bm_do_temperature_mean_16bits,temperature,°C,10.246,43.4727667,-70.3605,0x5e54227b
2026-06-19T12:05:10.000Z,1,bm_soft_temperature_mean_13bits,temperature,°C,15.73,43.47275,-70.3604667,0x5e54227b
2026-06-19T12:05:10.000Z,2,aanderaa_abs_speed_mean_15bits,speed,cm/s,3.9,43.47275,-70.3604667,0x5e54227b
2026-06-19T12:05:10.000Z,2,aanderaa_abs_speed_std_15bits,speed,cm/s,1.32,43.47275,-70.3604667,0x5e54227b
2026-06-19T12:05:10.000Z,2,aanderaa_abs_tilt_mean_8bits,tilt,rad,0.35000000000000003,43.47275,-70.3604667,0x5e54227b
2026-06-19T12:05:10.000Z,2,aanderaa_direction_circ_mean_13bits,direction,rad,5.97,43.47275,-70.3604667,0x5e54227b
2026-06-19T12:05:10.000Z,2,aanderaa_reading_count_10bits,reading_count,count,5.0,43.47275,-70.3604667,0x5e54227b
2026-06-19T12:05:10.000Z,2,aanderaa_direction_circ_std_13bits,direction,rad,0.683,43.47275,-70.3604667,0x5e54227b
2026-06-19T12:05:10.000Z,2,aanderaa_temperature_mean_13bits,temperature,°C,11.89,43.47275,-70.3604667,0x5e54227b
2026-06-19T12:05:10.000Z,3,bm_do_mg_per_l_mean_17bits,mass_concentration,mg/L,8.369,43.47275,-70.3604667,0x5e54227b
2026-06-19T12:05:10.000Z,3,bm_do_quality_mean_10bits,quality_ratio,unitless,0.912,43.47275,-70.3604667,0x5e54227b
2026-06-19T12:05:10.000Z,3,bm_do_salinity_mean_13bits,mass_ratio,parts per thousand,35.0,43.47275,-70.3604667,0x5e54227b
2026-06-19T12:05:10.000Z,3,bm_do_saturation_pct_mean_18bits,percentage,%,95.11,43.47275,-70.3604667,0x5e54227b
2026-06-19T12:05:10.000Z,3,bm_do_temperature_mean_16bits,temperature,°C,10.428,43.47275,-70.3604667,0x5e54227b
2026-06-19T12:05:10.000Z,2,aanderaa_std_tilt_mean_8bits,tilt,rad,0.03,43.47275,-70.3604667,0x5e54227b
2026-06-19T12:35:10.000Z,2,aanderaa_abs_speed_std_15bits,speed,cm/s,0.4,43.47275,-70.3604667,0x5e54227b
2026-06-19T12:35:10.000Z,2,aanderaa_direction_circ_mean_13bits,direction,rad,5.5120000000000005,43.47275,-70.3604667,0x5e54227b
2026-06-19T12:35:10.000Z,2,aanderaa_abs_tilt_mean_8bits,tilt,rad,0.31,43.47275,-70.3604667,0x5e54227b
2026-06-19T12:35:10.000Z,2,aanderaa_reading_count_10bits,reading_count,count,4.0,43.47275,-70.3604667,0x5e54227b
2026-06-19T12:35:10.000Z,2,aanderaa_abs_speed_mean_15bits,speed,cm/s,11.78,43.47275,-70.3604667,0x5e54227b
2026-06-19T12:35:10.000Z,1,bm_soft_temperature_mean_13bits,temperature,°C,16.12,43.47275,-70.3604667,0x5e54227b
2026-06-19T12:35:10.000Z,2,aanderaa_direction_circ_std_13bits,direction,rad,0.049,43.47275,-70.3604667,0x5e54227b
2026-06-19T12:35:10.000Z,3,bm_do_temperature_mean_16bits,temperature,°C,10.292,43.47275,-70.3604667,0x5e54227b
2026-06-19T12:35:10.000Z,3,bm_do_mg_per_l_mean_17bits,mass_concentration,mg/L,8.064,43.47275,-70.3604667,0x5e54227b
2026-06-19T12:35:10.000Z,3,bm_do_quality_mean_10bits,quality_ratio,unitless,0.912,43.47275,-70.3604667,0x5e54227b
2026-06-19T12:35:10.000Z,3,bm_do_salinity_mean_13bits,mass_ratio,parts per thousand,35.0,43.47275,-70.3604667,0x5e54227b
2026-06-19T12:35:10.000Z,3,bm_do_saturation_pct_mean_18bits,percentage,%,91.276,43.47275,-70.3604667,0x5e54227b
2026-06-19T12:35:10.000Z,2,aanderaa_temperature_mean_13bits,temperature,°C,11.760000000000002,43.47275,-70.3604667,0x5e54227b
2026-06-19T12:35:10.000Z,2,aanderaa_std_tilt_mean_8bits,tilt,rad,0.02,43.47275,-70.3604667,0x5e54227b
2026-06-19T13:05:10.000Z,2,aanderaa_direction_circ_mean_13bits,direction,rad,5.3790000000000004,43.4727167,-70.3604333,0x5e54227b
2026-06-19T13:05:10.000Z,2,aanderaa_reading_count_10bits,reading_count,count,5.0,43.4727167,-70.3604333,0x5e54227b
2026-06-19T13:05:10.000Z,1,bm_soft_temperature_mean_13bits,temperature,°C,16.31,43.4727167,-70.3604333,0x5e54227b
2026-06-19T13:05:10.000Z,2,aanderaa_abs_speed_mean_15bits,speed,cm/s,9.75,43.4727167,-70.3604333,0x5e54227b
2026-06-19T13:05:10.000Z,2,aanderaa_abs_speed_std_15bits,speed,cm/s,1.25,43.4727167,-70.3604333,0x5e54227b
2026-06-19T13:05:10.000Z,2,aanderaa_abs_tilt_mean_8bits,tilt,rad,0.26,43.4727167,-70.3604333,0x5e54227b
2026-06-19T13:05:10.000Z,2,aanderaa_direction_circ_std_13bits,direction,rad,0.047,43.4727167,-70.3604333,0x5e54227b
2026-06-19T13:05:10.000Z,3,bm_do_temperature_mean_16bits,temperature,°C,10.21,43.4727167,-70.3604333,0x5e54227b
2026-06-19T13:05:10.000Z,2,aanderaa_std_tilt_mean_8bits,tilt,rad,0.02,43.4727167,-70.3604333,0x5e54227b
2026-06-19T13:05:10.000Z,2,aanderaa_temperature_mean_13bits,temperature,°C,11.809999999999999,43.4727167,-70.3604333,0x5e54227b
2026-06-19T13:05:10.000Z,3,bm_do_mg_per_l_mean_17bits,mass_concentration,mg/L,8.114,43.4727167,-70.3604333,0x5e54227b
2026-06-19T13:05:10.000Z,3,bm_do_quality_mean_10bits,quality_ratio,unitless,0.912,43.4727167,-70.3604333,0x5e54227b
2026-06-19T13:05:10.000Z,3,bm_do_salinity_mean_13bits,mass_ratio,parts per thousand,35.0,43.4727167,-70.3604333,0x5e54227b
2026-06-19T13:05:10.000Z,3,bm_do_saturation_pct_mean_18bits,percentage,%,91.642,43.4727167,-70.3604333,0x5e54227b
2026-06-19T13:35:10.000Z,2,aanderaa_abs_speed_mean_15bits,speed,cm/s,6.88,43.4727167,-70.3604333,0x5e54227b
2026-06-19T13:35:10.000Z,2,aanderaa_direction_circ_std_13bits,direction,rad,0.153,43.4727167,-70.3604333,0x5e54227b
2026-06-19T13:35:10.000Z,1,bm_soft_temperature_mean_13bits,temperature,°C,16.29,43.4727167,-70.3604333,0x5e54227b
2026-06-19T13:35:10.000Z,2,aanderaa_abs_speed_std_15bits,speed,cm/s,2.36,43.4727167,-70.3604333,0x5e54227b
2026-06-19T13:35:10.000Z,2,aanderaa_abs_tilt_mean_8bits,tilt,rad,0.3,43.4727167,-70.3604333,0x5e54227b
2026-06-19T13:35:10.000Z,2,aanderaa_direction_circ_mean_13bits,direction,rad,5.091,43.4727167,-70.3604333,0x5e54227b
2026-06-19T13:35:10.000Z,2,aanderaa_reading_count_10bits,reading_count,count,3.0,43.4727167,-70.3604333,0x5e54227b
2026-06-19T13:35:10.000Z,2,aanderaa_temperature_mean_13bits,temperature,°C,11.760000000000002,43.4727167,-70.3604333,0x5e54227b
2026-06-19T13:35:10.000Z,3,bm_do_mg_per_l_mean_17bits,mass_concentration,mg/L,8.153,43.4727167,-70.3604333,0x5e54227b
2026-06-19T13:35:10.000Z,3,bm_do_quality_mean_10bits,quality_ratio,unitless,0.912,43.4727167,-70.3604333,0x5e54227b
2026-06-19T13:35:10.000Z,3,bm_do_salinity_mean_13bits,mass_ratio,parts per thousand,35.0,43.4727167,-70.3604333,0x5e54227b
2026-06-19T13:35:10.000Z,3,bm_do_saturation_pct_mean_18bits,percentage,%,92.404,43.4727167,-70.3604333,0x5e54227b
2026-06-19T13:35:10.000Z,3,bm_do_temperature_mean_16bits,temperature,°C,10.365,43.4727167,-70.3604333,0x5e54227b
2026-06-19T13:35:10.000Z,2,aanderaa_std_tilt_mean_8bits,tilt,rad,0.03,43.4727167,-70.3604333,0x5e54227b
2026-06-19T14:05:10.000Z,2,aanderaa_direction_circ_mean_13bits,direction,rad,4.73,43.4726667,-70.3604333,0x5e54227b
2026-06-19T14:05:10.000Z,2,aanderaa_direction_circ_std_13bits,direction,rad,0.215,43.4726667,-70.3604333,0x5e54227b
2026-06-19T14:05:10.000Z,1,bm_soft_temperature_mean_13bits,temperature,°C,15.620000000000001,43.4726667,-70.3604333,0x5e54227b
2026-06-19T14:05:10.000Z,2,aanderaa_abs_speed_mean_15bits,speed,cm/s,6.46,43.4726667,-70.3604333,0x5e54227b
2026-06-19T14:05:10.000Z,2,aanderaa_abs_speed_std_15bits,speed,cm/s,1.12,43.4726667,-70.3604333,0x5e54227b
2026-06-19T14:05:10.000Z,2,aanderaa_abs_tilt_mean_8bits,tilt,rad,0.27,43.4726667,-70.3604333,0x5e54227b
2026-06-19T14:05:10.000Z,2,aanderaa_reading_count_10bits,reading_count,count,4.0,43.4726667,-70.3604333,0x5e54227b
2026-06-19T14:05:10.000Z,3,bm_do_temperature_mean_16bits,temperature,°C,10.183,43.4726667,-70.3604333,0x5e54227b
2026-06-19T14:05:10.000Z,3,bm_do_mg_per_l_mean_17bits,mass_concentration,mg/L,8.316,43.4726667,-70.3604333,0x5e54227b
2026-06-19T14:05:10.000Z,3,bm_do_quality_mean_10bits,quality_ratio,unitless,0.912,43.4726667,-70.3604333,0x5e54227b
2026-06-19T14:05:10.000Z,3,bm_do_salinity_mean_13bits,mass_ratio,parts per thousand,35.0,43.4726667,-70.3604333,0x5e54227b
2026-06-19T14:05:10.000Z,3,bm_do_saturation_pct_mean_18bits,percentage,%,93.871,43.4726667,-70.3604333,0x5e54227b
2026-06-19T14:05:10.000Z,2,aanderaa_std_tilt_mean_8bits,tilt,rad,0.02,43.4726667,-70.3604333,0x5e54227b
2026-06-19T14:05:10.000Z,2,aanderaa_temperature_mean_13bits,temperature,°C,11.82,43.4726667,-70.3604333,0x5e54227b
2026-06-19T14:35:10.000Z,2,aanderaa_direction_circ_mean_13bits,direction,rad,5.227,43.4726667,-70.3604333,0x5e54227b
2026-06-19T14:35:10.000Z,2,aanderaa_reading_count_10bits,reading_count,count,4.0,43.4726667,-70.3604333,0x5e54227b
2026-06-19T14:35:10.000Z,1,bm_soft_temperature_mean_13bits,temperature,°C,14.760000000000002,43.4726667,-70.3604333,0x5e54227b
2026-06-19T14:35:10.000Z,2,aanderaa_abs_speed_mean_15bits,speed,cm/s,6.99,43.4726667,-70.3604333,0x5e54227b
2026-06-19T14:35:10.000Z,2,aanderaa_abs_speed_std_15bits,speed,cm/s,1.3800000000000001,43.4726667,-70.3604333,0x5e54227b
2026-06-19T14:35:10.000Z,2,aanderaa_abs_tilt_mean_8bits,tilt,rad,0.28,43.4726667,-70.3604333,0x5e54227b
2026-06-19T14:35:10.000Z,2,aanderaa_direction_circ_std_13bits,direction,rad,0.099,43.4726667,-70.3604333,0x5e54227b
2026-06-19T14:35:10.000Z,2,aanderaa_std_tilt_mean_8bits,tilt,rad,0.03,43.4726667,-70.3604333,0x5e54227b
2026-06-19T14:35:10.000Z,2,aanderaa_temperature_mean_13bits,temperature,°C,11.73,43.4726667,-70.3604333,0x5e54227b
2026-06-19T14:35:10.000Z,3,bm_do_mg_per_l_mean_17bits,mass_concentration,mg/L,8.325000000000001,43.4726667,-70.3604333,0x5e54227b
2026-06-19T14:35:10.000Z,3,bm_do_quality_mean_10bits,quality_ratio,unitless,0.912,43.4726667,-70.3604333,0x5e54227b
2026-06-19T14:35:10.000Z,3,bm_do_salinity_mean_13bits,mass_ratio,parts per thousand,35.0,43.4726667,-70.3604333,0x5e54227b
2026-06-19T14:35:10.000Z,3,bm_do_saturation_pct_mean_18bits,percentage,%,93.94,43.4726667,-70.3604333,0x5e54227b
2026-06-19T14:35:10.000Z,3,bm_do_temperature_mean_16bits,temperature,°C,10.155000000000001,43.4726667,-70.3604333,0x5e54227b
2026-06-19T15:05:10.000Z,2,aanderaa_reading_count_10bits,reading_count,count,4.0,43.4726333,-70.3604833,0x5e54227b
2026-06-19T15:05:10.000Z,2,aanderaa_abs_speed_mean_15bits,speed,cm/s,9.73,43.4726333,-70.3604833,0x5e54227b
2026-06-19T15:05:10.000Z,2,aanderaa_abs_speed_std_15bits,speed,cm/s,2.46,43.4726333,-70.3604833,0x5e54227b
2026-06-19T15:05:10.000Z,2,aanderaa_abs_tilt_mean_8bits,tilt,rad,0.18,43.4726333,-70.3604833,0x5e54227b
2026-06-19T15:05:10.000Z,2,aanderaa_direction_circ_mean_13bits,direction,rad,5.579,43.4726333,-70.3604833,0x5e54227b
2026-06-19T15:05:10.000Z,2,aanderaa_direction_circ_std_13bits,direction,rad,0.082,43.4726333,-70.3604833,0x5e54227b
2026-06-19T15:05:10.000Z,1,bm_soft_temperature_mean_13bits,temperature,°C,14.29,43.4726333,-70.3604833,0x5e54227b
2026-06-19T15:05:10.000Z,3,bm_do_mg_per_l_mean_17bits,mass_concentration,mg/L,8.428,43.4726333,-70.3604833,0x5e54227b
2026-06-19T15:05:10.000Z,3,bm_do_quality_mean_10bits,quality_ratio,unitless,0.912,43.4726333,-70.3604833,0x5e54227b
2026-06-19T15:05:10.000Z,3,bm_do_salinity_mean_13bits,mass_ratio,parts per thousand,35.0,43.4726333,-70.3604833,0x5e54227b
2026-06-19T15:05:10.000Z,3,bm_do_saturation_pct_mean_18bits,percentage,%,94.781,43.4726333,-70.3604833,0x5e54227b
2026-06-19T15:05:10.000Z,3,bm_do_temperature_mean_16bits,temperature,°C,10.0,43.4726333,-70.3604833,0x5e54227b
2026-06-19T15:05:10.000Z,2,aanderaa_temperature_mean_13bits,temperature,°C,12.29,43.4726333,-70.3604833,0x5e54227b
2026-06-19T15:05:10.000Z,2,aanderaa_std_tilt_mean_8bits,tilt,rad,0.02,43.4726333,-70.3604833,0x5e54227b
2026-06-19T15:35:10.000Z,2,aanderaa_direction_circ_std_13bits,direction,rad,0.20500000000000002,43.4726333,-70.3604833,0x5e54227b
2026-06-19T15:35:10.000Z,2,aanderaa_reading_count_10bits,reading_count,count,5.0,43.4726333,-70.3604833,0x5e54227b
2026-06-19T15:35:10.000Z,1,bm_soft_temperature_mean_13bits,temperature,°C,14.059999999999999,43.4726333,-70.3604833,0x5e54227b
2026-06-19T15:35:10.000Z,2,aanderaa_abs_speed_mean_15bits,speed,cm/s,5.68,43.4726333,-70.3604833,0x5e54227b
2026-06-19T15:35:10.000Z,2,aanderaa_abs_speed_std_15bits,speed,cm/s,0.8200000000000001,43.4726333,-70.3604833,0x5e54227b
2026-06-19T15:35:10.000Z,2,aanderaa_direction_circ_mean_13bits,direction,rad,4.691,43.4726333,-70.3604833,0x5e54227b
2026-06-19T15:35:10.000Z,2,aanderaa_abs_tilt_mean_8bits,tilt,rad,0.14,43.4726333,-70.3604833,0x5e54227b
2026-06-19T15:35:10.000Z,2,aanderaa_temperature_mean_13bits,temperature,°C,12.0,43.4726333,-70.3604833,0x5e54227b
2026-06-19T15:35:10.000Z,3,bm_do_mg_per_l_mean_17bits,mass_concentration,mg/L,8.496,43.4726333,-70.3604833,0x5e54227b
2026-06-19T15:35:10.000Z,3,bm_do_temperature_mean_16bits,temperature,°C,9.844000000000001,43.4726333,-70.3604833,0x5e54227b
2026-06-19T15:35:10.000Z,3,bm_do_quality_mean_10bits,quality_ratio,unitless,0.912,43.4726333,-70.3604833,0x5e54227b
2026-06-19T15:35:10.000Z,3,bm_do_salinity_mean_13bits,mass_ratio,parts per thousand,35.0,43.4726333,-70.3604833,0x5e54227b
2026-06-19T15:35:10.000Z,3,bm_do_saturation_pct_mean_18bits,percentage,%,95.20100000000001,43.4726333,-70.3604833,0x5e54227b
2026-06-19T15:35:10.000Z,2,aanderaa_std_tilt_mean_8bits,tilt,rad,0.02,43.4726333,-70.3604833,0x5e54227b
2026-06-19T16:05:10.000Z,2,aanderaa_direction_circ_std_13bits,direction,rad,0.17500000000000002,43.4725833,-70.36055,0x5e54227b
2026-06-19T16:05:10.000Z,1,bm_soft_temperature_mean_13bits,temperature,°C,13.940000000000001,43.4725833,-70.36055,0x5e54227b
2026-06-19T16:05:10.000Z,2,aanderaa_abs_speed_mean_15bits,speed,cm/s,16.22,43.4725833,-70.36055,0x5e54227b
2026-06-19T16:05:10.000Z,2,aanderaa_abs_speed_std_15bits,speed,cm/s,2.06,43.4725833,-70.36055,0x5e54227b
2026-06-19T16:05:10.000Z,2,aanderaa_abs_tilt_mean_8bits,tilt,rad,0.1,43.4725833,-70.36055,0x5e54227b
2026-06-19T16:05:10.000Z,2,aanderaa_direction_circ_mean_13bits,direction,rad,4.405,43.4725833,-70.36055,0x5e54227b
2026-06-19T16:05:10.000Z,2,aanderaa_reading_count_10bits,reading_count,count,5.0,43.4725833,-70.36055,0x5e54227b
2026-06-19T16:05:10.000Z,2,aanderaa_std_tilt_mean_8bits,tilt,rad,0.02,43.4725833,-70.36055,0x5e54227b
2026-06-19T16:05:10.000Z,2,aanderaa_temperature_mean_13bits,temperature,°C,11.82,43.4725833,-70.36055,0x5e54227b
2026-06-19T16:05:10.000Z,3,bm_do_mg_per_l_mean_17bits,mass_concentration,mg/L,8.522,43.4725833,-70.36055,0x5e54227b
2026-06-19T16:05:10.000Z,3,bm_do_quality_mean_10bits,quality_ratio,unitless,0.912,43.4725833,-70.36055,0x5e54227b
2026-06-19T16:05:10.000Z,3,bm_do_salinity_mean_13bits,mass_ratio,parts per thousand,35.0,43.4725833,-70.36055,0x5e54227b
2026-06-19T16:05:10.000Z,3,bm_do_saturation_pct_mean_18bits,percentage,%,95.131,43.4725833,-70.36055,0x5e54227b
2026-06-19T16:05:10.000Z,3,bm_do_temperature_mean_16bits,temperature,°C,9.67,43.4725833,-70.36055,0x5e54227b
2026-06-19T16:35:10.000Z,1,bm_soft_temperature_mean_13bits,temperature,°C,14.11,43.4725833,-70.36055,0x5e54227b
2026-06-19T16:35:10.000Z,2,aanderaa_abs_speed_mean_15bits,speed,cm/s,13.8,43.4725833,-70.36055,0x5e54227b
2026-06-19T16:35:10.000Z,2,aanderaa_abs_speed_std_15bits,speed,cm/s,3.49,43.4725833,-70.36055,0x5e54227b
2026-06-19T16:35:10.000Z,2,aanderaa_abs_tilt_mean_8bits,tilt,rad,0.1,43.4725833,-70.36055,0x5e54227b
2026-06-19T16:35:10.000Z,2,aanderaa_direction_circ_mean_13bits,direction,rad,4.3870000000000005,43.4725833,-70.36055,0x5e54227b
2026-06-19T16:35:10.000Z,2,aanderaa_direction_circ_std_13bits,direction,rad,0.08600000000000001,43.4725833,-70.36055,0x5e54227b
2026-06-19T16:35:10.000Z,2,aanderaa_reading_count_10bits,reading_count,count,3.0,43.4725833,-70.36055,0x5e54227b
2026-06-19T16:35:10.000Z,2,aanderaa_std_tilt_mean_8bits,tilt,rad,0.02,43.4725833,-70.36055,0x5e54227b
2026-06-19T16:35:10.000Z,2,aanderaa_temperature_mean_13bits,temperature,°C,11.14,43.4725833,-70.36055,0x5e54227b
2026-06-19T16:35:10.000Z,3,bm_do_mg_per_l_mean_17bits,mass_concentration,mg/L,8.329,43.4725833,-70.36055,0x5e54227b
2026-06-19T16:35:10.000Z,3,bm_do_quality_mean_10bits,quality_ratio,unitless,0.912,43.4725833,-70.36055,0x5e54227b
2026-06-19T16:35:10.000Z,3,bm_do_salinity_mean_13bits,mass_ratio,parts per thousand,35.0,43.4725833,-70.36055,0x5e54227b
2026-06-19T16:35:10.000Z,3,bm_do_saturation_pct_mean_18bits,percentage,%,93.10300000000001,43.4725833,-70.36055,0x5e54227b
2026-06-19T16:35:10.000Z,3,bm_do_temperature_mean_16bits,temperature,°C,9.707,43.4725833,-70.36055,0x5e54227b
2026-06-19T17:05:10.000Z,2,aanderaa_reading_count_10bits,reading_count,count,3.0,43.4726,-70.3605333,0x5e54227b
2026-06-19T17:05:10.000Z,1,bm_soft_temperature_mean_13bits,temperature,°C,14.170000000000002,43.4726,-70.3605333,0x5e54227b
2026-06-19T17:05:10.000Z,2,aanderaa_abs_speed_mean_15bits,speed,cm/s,7.15,43.4726,-70.3605333,0x5e54227b
2026-06-19T17:05:10.000Z,2,aanderaa_abs_speed_std_15bits,speed,cm/s,2.79,43.4726,-70.3605333,0x5e54227b
2026-06-19T17:05:10.000Z,2,aanderaa_abs_tilt_mean_8bits,tilt,rad,0.1,43.4726,-70.3605333,0x5e54227b
2026-06-19T17:05:10.000Z,2,aanderaa_direction_circ_mean_13bits,direction,rad,4.586,43.4726,-70.3605333,0x5e54227b
2026-06-19T17:05:10.000Z,2,aanderaa_direction_circ_std_13bits,direction,rad,0.218,43.4726,-70.3605333,0x5e54227b
2026-06-19T17:05:10.000Z,3,bm_do_temperature_mean_16bits,temperature,°C,9.725,43.4726,-70.3605333,0x5e54227b
2026-06-19T17:05:10.000Z,2,aanderaa_temperature_mean_13bits,temperature,°C,10.74,43.4726,-70.3605333,0x5e54227b
2026-06-19T17:05:10.000Z,3,bm_do_mg_per_l_mean_17bits,mass_concentration,mg/L,8.513,43.4726,-70.3605333,0x5e54227b
2026-06-19T17:05:10.000Z,3,bm_do_quality_mean_10bits,quality_ratio,unitless,0.912,43.4726,-70.3605333,0x5e54227b
2026-06-19T17:05:10.000Z,3,bm_do_salinity_mean_13bits,mass_ratio,parts per thousand,35.0,43.4726,-70.3605333,0x5e54227b
2026-06-19T17:05:10.000Z,3,bm_do_saturation_pct_mean_18bits,percentage,%,95.202,43.4726,-70.3605333,0x5e54227b
2026-06-19T17:05:10.000Z,2,aanderaa_std_tilt_mean_8bits,tilt,rad,0.02,43.4726,-70.3605333,0x5e54227b
2026-06-19T17:35:10.000Z,2,aanderaa_direction_circ_mean_13bits,direction,rad,6.031,43.4726,-70.3605333,0x5e54227b
2026-06-19T17:35:10.000Z,1,bm_soft_temperature_mean_13bits,temperature,°C,14.330000000000002,43.4726,-70.3605333,0x5e54227b
2026-06-19T17:35:10.000Z,2,aanderaa_abs_speed_mean_15bits,speed,cm/s,3.34,43.4726,-70.3605333,0x5e54227b
2026-06-19T17:35:10.000Z,2,aanderaa_direction_circ_std_13bits,direction,rad,0.135,43.4726,-70.3605333,0x5e54227b
2026-06-19T17:35:10.000Z,2,aanderaa_abs_tilt_mean_8bits,tilt,rad,0.11,43.4726,-70.3605333,0x5e54227b
2026-06-19T17:35:10.000Z,2,aanderaa_reading_count_10bits,reading_count,count,4.0,43.4726,-70.3605333,0x5e54227b
2026-06-19T17:35:10.000Z,2,aanderaa_abs_speed_std_15bits,speed,cm/s,0.5,43.4726,-70.3605333,0x5e54227b
2026-06-19T17:35:10.000Z,2,aanderaa_temperature_mean_13bits,temperature,°C,11.120000000000001,43.4726,-70.3605333,0x5e54227b
2026-06-19T17:35:10.000Z,3,bm_do_mg_per_l_mean_17bits,mass_concentration,mg/L,8.468,43.4726,-70.3605333,0x5e54227b
2026-06-19T17:35:10.000Z,3,bm_do_quality_mean_10bits,quality_ratio,unitless,0.912,43.4726,-70.3605333,0x5e54227b
2026-06-19T17:35:10.000Z,3,bm_do_salinity_mean_13bits,mass_ratio,parts per thousand,35.0,43.4726,-70.3605333,0x5e54227b
2026-06-19T17:35:10.000Z,3,bm_do_saturation_pct_mean_18bits,percentage,%,93.766,43.4726,-70.3605333,0x5e54227b
2026-06-19T17:35:10.000Z,3,bm_do_temperature_mean_16bits,temperature,°C,9.264000000000001,43.4726,-70.3605333,0x5e54227b
2026-06-19T17:35:10.000Z,2,aanderaa_std_tilt_mean_8bits,tilt,rad,0.02,43.4726,-70.3605333,0x5e54227b
2026-06-19T18:05:10.000Z,1,bm_soft_temperature_mean_13bits,temperature,°C,14.379999999999999,43.4726,-70.3605167,0x5e54227b
2026-06-19T18:05:10.000Z,2,aanderaa_abs_speed_mean_15bits,speed,cm/s,4.71,43.4726,-70.3605167,0x5e54227b
2026-06-19T18:05:10.000Z,2,aanderaa_abs_speed_std_15bits,speed,cm/s,1.04,43.4726,-70.3605167,0x5e54227b
2026-06-19T18:05:10.000Z,2,aanderaa_abs_tilt_mean_8bits,tilt,rad,0.12,43.4726,-70.3605167,0x5e54227b
2026-06-19T18:05:10.000Z,2,aanderaa_direction_circ_mean_13bits,direction,rad,4.784,43.4726,-70.3605167,0x5e54227b
2026-06-19T18:05:10.000Z,2,aanderaa_direction_circ_std_13bits,direction,rad,0.375,43.4726,-70.3605167,0x5e54227b
2026-06-19T18:05:10.000Z,2,aanderaa_reading_count_10bits,reading_count,count,5.0,43.4726,-70.3605167,0x5e54227b
2026-06-19T18:05:10.000Z,2,aanderaa_std_tilt_mean_8bits,tilt,rad,0.02,43.4726,-70.3605167,0x5e54227b
2026-06-19T18:05:10.000Z,3,bm_do_mg_per_l_mean_17bits,mass_concentration,mg/L,8.685,43.4726,-70.3605167,0x5e54227b
2026-06-19T18:05:10.000Z,3,bm_do_temperature_mean_16bits,temperature,°C,9.421000000000001,43.4726,-70.3605167,0x5e54227b
2026-06-19T18:05:10.000Z,3,bm_do_salinity_mean_13bits,mass_ratio,parts per thousand,35.0,43.4726,-70.3605167,0x5e54227b
2026-06-19T18:05:10.000Z,3,bm_do_saturation_pct_mean_18bits,percentage,%,96.512,43.4726,-70.3605167,0x5e54227b
2026-06-19T18:05:10.000Z,2,aanderaa_temperature_mean_13bits,temperature,°C,11.059999999999999,43.4726,-70.3605167,0x5e54227b
2026-06-19T18:05:10.000Z,3,bm_do_quality_mean_10bits,quality_ratio,unitless,0.912,43.4726,-70.3605167,0x5e54227b
2026-06-19T18:35:10.000Z,2,aanderaa_reading_count_10bits,reading_count,count,5.0,43.4726,-70.3605167,0x5e54227b
2026-06-19T18:35:10.000Z,1,bm_soft_temperature_mean_13bits,temperature,°C,14.46,43.4726,-70.3605167,0x5e54227b
2026-06-19T18:35:10.000Z,2,aanderaa_abs_speed_mean_15bits,speed,cm/s,6.0600000000000005,43.4726,-70.3605167,0x5e54227b
2026-06-19T18:35:10.000Z,2,aanderaa_abs_speed_std_15bits,speed,cm/s,1.27,43.4726,-70.3605167,0x5e54227b
2026-06-19T18:35:10.000Z,2,aanderaa_abs_tilt_mean_8bits,tilt,rad,0.12,43.4726,-70.3605167,0x5e54227b
2026-06-19T18:35:10.000Z,2,aanderaa_direction_circ_mean_13bits,direction,rad,4.827,43.4726,-70.3605167,0x5e54227b
2026-06-19T18:35:10.000Z,2,aanderaa_direction_circ_std_13bits,direction,rad,0.23500000000000001,43.4726,-70.3605167,0x5e54227b
2026-06-19T18:35:10.000Z,3,bm_do_temperature_mean_16bits,temperature,°C,9.347000000000001,43.4726,-70.3605167,0x5e54227b
2026-06-19T18:35:10.000Z,2,aanderaa_temperature_mean_13bits,temperature,°C,10.84,43.4726,-70.3605167,0x5e54227b
2026-06-19T18:35:10.000Z,3,bm_do_mg_per_l_mean_17bits,mass_concentration,mg/L,8.648,43.4726,-70.3605167,0x5e54227b
2026-06-19T18:35:10.000Z,3,bm_do_quality_mean_10bits,quality_ratio,unitless,0.912,43.4726,-70.3605167,0x5e54227b
2026-06-19T18:35:10.000Z,3,bm_do_salinity_mean_13bits,mass_ratio,parts per thousand,35.0,43.4726,-70.3605167,0x5e54227b
2026-06-19T18:35:10.000Z,3,bm_do_saturation_pct_mean_18bits,percentage,%,95.921,43.4726,-70.3605167,0x5e54227b
2026-06-19T18:35:10.000Z,2,aanderaa_std_tilt_mean_8bits,tilt,rad,0.02,43.4726,-70.3605167,0x5e54227b
2026-06-19T19:05:10.000Z,2,aanderaa_direction_circ_mean_13bits,direction,rad,4.494,43.4726,-70.3605167,0x5e54227b
2026-06-19T19:05:10.000Z,2,aanderaa_direction_circ_std_13bits,direction,rad,0.6950000000000001,43.4726,-70.3605167,0x5e54227b
2026-06-19T19:05:10.000Z,1,bm_soft_temperature_mean_13bits,temperature,°C,14.240000000000002,43.4726,-70.3605167,0x5e54227b
2026-06-19T19:05:10.000Z,2,aanderaa_abs_speed_mean_15bits,speed,cm/s,3.11,43.4726,-70.3605167,0x5e54227b
2026-06-19T19:05:10.000Z,2,aanderaa_abs_speed_std_15bits,speed,cm/s,1.17,43.4726,-70.3605167,0x5e54227b
2026-06-19T19:05:10.000Z,2,aanderaa_abs_tilt_mean_8bits,tilt,rad,0.1,43.4726,-70.3605167,0x5e54227b
2026-06-19T19:05:10.000Z,2,aanderaa_reading_count_10bits,reading_count,count,5.0,43.4726,-70.3605167,0x5e54227b
2026-06-19T19:05:10.000Z,2,aanderaa_std_tilt_mean_8bits,tilt,rad,0.01,43.4726,-70.3605167,0x5e54227b
2026-06-19T19:05:10.000Z,2,aanderaa_temperature_mean_13bits,temperature,°C,10.67,43.4726,-70.3605167,0x5e54227b
2026-06-19T19:05:10.000Z,3,bm_do_mg_per_l_mean_17bits,mass_concentration,mg/L,8.679,43.4726,-70.3605167,0x5e54227b
2026-06-19T19:05:10.000Z,3,bm_do_quality_mean_10bits,quality_ratio,unitless,0.912,43.4726,-70.3605167,0x5e54227b
2026-06-19T19:05:10.000Z,3,bm_do_salinity_mean_13bits,mass_ratio,parts per thousand,35.0,43.4726,-70.3605167,0x5e54227b
2026-06-19T19:05:10.000Z,3,bm_do_saturation_pct_mean_18bits,percentage,%,96.166,43.4726,-70.3605167,0x5e54227b
2026-06-19T19:05:10.000Z,3,bm_do_temperature_mean_16bits,temperature,°C,9.31,43.4726,-70.3605167,0x5e54227b
2026-06-19T19:35:10.000Z,1,bm_soft_temperature_mean_13bits,temperature,°C,14.260000000000002,43.4726,-70.3605167,0x5e54227b
2026-06-19T19:35:10.000Z,2,aanderaa_abs_speed_mean_15bits,speed,cm/s,4.69,43.4726,-70.3605167,0x5e54227b
2026-06-19T19:35:10.000Z,2,aanderaa_abs_speed_std_15bits,speed,cm/s,2.31,43.4726,-70.3605167,0x5e54227b
2026-06-19T19:35:10.000Z,2,aanderaa_direction_circ_mean_13bits,direction,rad,4.088,43.4726,-70.3605167,0x5e54227b
2026-06-19T19:35:10.000Z,2,aanderaa_direction_circ_std_13bits,direction,rad,0.08600000000000001,43.4726,-70.3605167,0x5e54227b
2026-06-19T19:35:10.000Z,2,aanderaa_abs_tilt_mean_8bits,tilt,rad,0.11,43.4726,-70.3605167,0x5e54227b
2026-06-19T19:35:10.000Z,2,aanderaa_reading_count_10bits,reading_count,count,5.0,43.4726,-70.3605167,0x5e54227b
2026-06-19T19:35:10.000Z,3,bm_do_mg_per_l_mean_17bits,mass_concentration,mg/L,8.628,43.4726,-70.3605167,0x5e54227b
2026-06-19T19:35:10.000Z,3,bm_do_temperature_mean_16bits,temperature,°C,9.135,43.4726,-70.3605167,0x5e54227b
2026-06-19T19:35:10.000Z,3,bm_do_quality_mean_10bits,quality_ratio,unitless,0.912,43.4726,-70.3605167,0x5e54227b
2026-06-19T19:35:10.000Z,3,bm_do_salinity_mean_13bits,mass_ratio,parts per thousand,35.0,43.4726,-70.3605167,0x5e54227b
2026-06-19T19:35:10.000Z,3,bm_do_saturation_pct_mean_18bits,percentage,%,95.217,43.4726,-70.3605167,0x5e54227b
2026-06-19T19:35:10.000Z,2,aanderaa_temperature_mean_13bits,temperature,°C,10.51,43.4726,-70.3605167,0x5e54227b
2026-06-19T19:35:10.000Z,2,aanderaa_std_tilt_mean_8bits,tilt,rad,0.02,43.4726,-70.3605167,0x5e54227b
2026-06-19T20:05:10.000Z,2,aanderaa_reading_count_10bits,reading_count,count,4.0,43.4726,-70.3605167,0x5e54227b
2026-06-19T20:05:10.000Z,1,bm_soft_temperature_mean_13bits,temperature,°C,14.25,43.4726,-70.3605167,0x5e54227b
2026-06-19T20:05:10.000Z,2,aanderaa_abs_speed_mean_15bits,speed,cm/s,5.1000000000000005,43.4726,-70.3605167,0x5e54227b
2026-06-19T20:05:10.000Z,2,aanderaa_abs_speed_std_15bits,speed,cm/s,1.8800000000000001,43.4726,-70.3605167,0x5e54227b
2026-06-19T20:05:10.000Z,2,aanderaa_abs_tilt_mean_8bits,tilt,rad,0.08,43.4726,-70.3605167,0x5e54227b
2026-06-19T20:05:10.000Z,2,aanderaa_direction_circ_mean_13bits,direction,rad,5.239,43.4726,-70.3605167,0x5e54227b
2026-06-19T20:05:10.000Z,2,aanderaa_direction_circ_std_13bits,direction,rad,0.338,43.4726,-70.3605167,0x5e54227b
2026-06-19T20:05:10.000Z,3,bm_do_quality_mean_10bits,quality_ratio,unitless,0.912,43.4726,-70.3605167,0x5e54227b
2026-06-19T20:05:10.000Z,2,aanderaa_temperature_mean_13bits,temperature,°C,10.74,43.4726,-70.3605167,0x5e54227b
2026-06-19T20:05:10.000Z,3,bm_do_mg_per_l_mean_17bits,mass_concentration,mg/L,8.508000000000001,43.4726,-70.3605167,0x5e54227b
2026-06-19T20:05:10.000Z,3,bm_do_salinity_mean_13bits,mass_ratio,parts per thousand,35.0,43.4726,-70.3605167,0x5e54227b
2026-06-19T20:05:10.000Z,3,bm_do_saturation_pct_mean_18bits,percentage,%,93.35900000000001,43.4726,-70.3605167,0x5e54227b
2026-06-19T20:05:10.000Z,3,bm_do_temperature_mean_16bits,temperature,°C,8.874,43.4726,-70.3605167,0x5e54227b
2026-06-19T20:05:10.000Z,2,aanderaa_std_tilt_mean_8bits,tilt,rad,0.01,43.4726,-70.3605167,0x5e54227b
2026-06-19T20:35:10.000Z,2,aanderaa_abs_speed_std_15bits,speed,cm/s,0.59,43.4726,-70.3605167,0x5e54227b
2026-06-19T20:35:10.000Z,2,aanderaa_direction_circ_std_13bits,direction,rad,0.357,43.4726,-70.3605167,0x5e54227b
2026-06-19T20:35:10.000Z,3,bm_do_saturation_pct_mean_18bits,percentage,%,92.906,43.4726,-70.3605167,0x5e54227b
2026-06-19T20:35:10.000Z,3,bm_do_temperature_mean_16bits,temperature,°C,8.744,43.4726,-70.3605167,0x5e54227b
2026-06-19T20:35:10.000Z,2,aanderaa_abs_speed_mean_15bits,speed,cm/s,3.02,43.4726,-70.3605167,0x5e54227b
2026-06-19T20:35:10.000Z,2,aanderaa_direction_circ_mean_13bits,direction,rad,5.134,43.4726,-70.3605167,0x5e54227b
2026-06-19T20:35:10.000Z,1,bm_soft_temperature_mean_13bits,temperature,°C,14.219999999999999,43.4726,-70.3605167,0x5e54227b
2026-06-19T20:35:10.000Z,2,aanderaa_reading_count_10bits,reading_count,count,5.0,43.4726,-70.3605167,0x5e54227b
2026-06-19T20:35:10.000Z,2,aanderaa_std_tilt_mean_8bits,tilt,rad,0.02,43.4726,-70.3605167,0x5e54227b
2026-06-19T20:35:10.000Z,2,aanderaa_temperature_mean_13bits,temperature,°C,10.58,43.4726,-70.3605167,0x5e54227b
2026-06-19T20:35:10.000Z,3,bm_do_mg_per_l_mean_17bits,mass_concentration,mg/L,8.491,43.4726,-70.3605167,0x5e54227b
2026-06-19T20:35:10.000Z,3,bm_do_quality_mean_10bits,quality_ratio,unitless,0.912,43.4726,-70.3605167,0x5e54227b
2026-06-19T20:35:10.000Z,3,bm_do_salinity_mean_13bits,mass_ratio,parts per thousand,35.0,43.4726,-70.3605167,0x5e54227b
2026-06-19T20:35:10.000Z,2,aanderaa_abs_tilt_mean_8bits,tilt,rad,0.13,43.4726,-70.3605167,0x5e54227b
2026-06-19T21:05:10.000Z,3,bm_do_saturation_pct_mean_18bits,percentage,%,92.82000000000001,43.4726167,-70.3604833,0x5e54227b
2026-06-19T21:05:10.000Z,3,bm_do_salinity_mean_13bits,mass_ratio,parts per thousand,35.0,43.4726167,-70.3604833,0x5e54227b
2026-06-19T21:05:10.000Z,3,bm_do_quality_mean_10bits,quality_ratio,unitless,0.912,43.4726167,-70.3604833,0x5e54227b
2026-06-19T21:05:10.000Z,3,bm_do_mg_per_l_mean_17bits,mass_concentration,mg/L,8.498,43.4726167,-70.3604833,0x5e54227b
2026-06-19T21:05:10.000Z,2,aanderaa_temperature_mean_13bits,temperature,°C,10.38,43.4726167,-70.3604833,0x5e54227b
2026-06-19T21:05:10.000Z,2,aanderaa_std_tilt_mean_8bits,tilt,rad,0.02,43.4726167,-70.3604833,0x5e54227b
2026-06-19T21:05:10.000Z,3,bm_do_temperature_mean_16bits,temperature,°C,8.669,43.4726167,-70.3604833,0x5e54227b
2026-06-19T21:05:10.000Z,2,aanderaa_direction_circ_std_13bits,direction,rad,0.428,43.4726167,-70.3604833,0x5e54227b
2026-06-19T21:05:10.000Z,2,aanderaa_direction_circ_mean_13bits,direction,rad,4.173,43.4726167,-70.3604833,0x5e54227b
2026-06-19T21:05:10.000Z,2,aanderaa_abs_tilt_mean_8bits,tilt,rad,0.14,43.4726167,-70.3604833,0x5e54227b
2026-06-19T21:05:10.000Z,2,aanderaa_abs_speed_std_15bits,speed,cm/s,3.77,43.4726167,-70.3604833,0x5e54227b
2026-06-19T21:05:10.000Z,2,aanderaa_abs_speed_mean_15bits,speed,cm/s,3.15,43.4726167,-70.3604833,0x5e54227b
2026-06-19T21:05:10.000Z,1,bm_soft_temperature_mean_13bits,temperature,°C,13.91,43.4726167,-70.3604833,0x5e54227b
2026-06-19T21:05:10.000Z,2,aanderaa_reading_count_10bits,reading_count,count,5.0,43.4726167,-70.3604833,0x5e54227b
2026-06-19T21:35:10.000Z,3,bm_do_temperature_mean_16bits,temperature,°C,8.585,43.4726167,-70.3604833,0x5e54227b
2026-06-19T21:35:10.000Z,3,bm_do_saturation_pct_mean_18bits,percentage,%,92.441,43.4726167,-70.3604833,0x5e54227b
2026-06-19T21:35:10.000Z,3,bm_do_salinity_mean_13bits,mass_ratio,parts per thousand,35.0,43.4726167,-70.3604833,0x5e54227b
2026-06-19T21:35:10.000Z,3,bm_do_quality_mean_10bits,quality_ratio,unitless,0.912,43.4726167,-70.3604833,0x5e54227b
2026-06-19T21:35:10.000Z,3,bm_do_mg_per_l_mean_17bits,mass_concentration,mg/L,8.481,43.4726167,-70.3604833,0x5e54227b
2026-06-19T21:35:10.000Z,2,aanderaa_temperature_mean_13bits,temperature,°C,10.25,43.4726167,-70.3604833,0x5e54227b
2026-06-19T21:35:10.000Z,2,aanderaa_std_tilt_mean_8bits,tilt,rad,0.01,43.4726167,-70.3604833,0x5e54227b
2026-06-19T21:35:10.000Z,2,aanderaa_reading_count_10bits,reading_count,count,5.0,43.4726167,-70.3604833,0x5e54227b
2026-06-19T21:35:10.000Z,2,aanderaa_direction_circ_mean_13bits,direction,rad,3.262,43.4726167,-70.3604833,0x5e54227b
2026-06-19T21:35:10.000Z,2,aanderaa_abs_tilt_mean_8bits,tilt,rad,0.12,43.4726167,-70.3604833,0x5e54227b
2026-06-19T21:35:10.000Z,2,aanderaa_abs_speed_std_15bits,speed,cm/s,1.28,43.4726167,-70.3604833,0x5e54227b
2026-06-19T21:35:10.000Z,2,aanderaa_abs_speed_mean_15bits,speed,cm/s,3.72,43.4726167,-70.3604833,0x5e54227b
2026-06-19T21:35:10.000Z,1,bm_soft_temperature_mean_13bits,temperature,°C,13.870000000000001,43.4726167,-70.3604833,0x5e54227b
2026-06-19T21:35:10.000Z,2,aanderaa_direction_circ_std_13bits,direction,rad,0.197,43.4726167,-70.3604833,0x5e54227b
2026-06-19T22:05:10.000Z,2,aanderaa_temperature_mean_13bits,temperature,°C,9.73,43.4726333,-70.3604833,0x5e54227b
2026-06-19T22:05:10.000Z,3,bm_do_saturation_pct_mean_18bits,percentage,%,92.456,43.4726333,-70.3604833,0x5e54227b
2026-06-19T22:05:10.000Z,3,bm_do_salinity_mean_13bits,mass_ratio,parts per thousand,35.0,43.4726333,-70.3604833,0x5e54227b
2026-06-19T22:05:10.000Z,3,bm_do_temperature_mean_16bits,temperature,°C,8.473,43.4726333,-70.3604833,0x5e54227b
2026-06-19T22:05:10.000Z,3,bm_do_mg_per_l_mean_17bits,mass_concentration,mg/L,8.503,43.4726333,-70.3604833,0x5e54227b
2026-06-19T22:05:10.000Z,2,aanderaa_std_tilt_mean_8bits,tilt,rad,0.02,43.4726333,-70.3604833,0x5e54227b
2026-06-19T22:05:10.000Z,3,bm_do_quality_mean_10bits,quality_ratio,unitless,0.912,43.4726333,-70.3604833,0x5e54227b
2026-06-19T22:05:10.000Z,2,aanderaa_direction_circ_std_13bits,direction,rad,0.422,43.4726333,-70.3604833,0x5e54227b
2026-06-19T22:05:10.000Z,2,aanderaa_direction_circ_mean_13bits,direction,rad,3.298,43.4726333,-70.3604833,0x5e54227b
2026-06-19T22:05:10.000Z,2,aanderaa_abs_tilt_mean_8bits,tilt,rad,0.16,43.4726333,-70.3604833,0x5e54227b
2026-06-19T22:05:10.000Z,2,aanderaa_abs_speed_std_15bits,speed,cm/s,0.65,43.4726333,-70.3604833,0x5e54227b
2026-06-19T22:05:10.000Z,2,aanderaa_abs_speed_mean_15bits,speed,cm/s,3.11,43.4726333,-70.3604833,0x5e54227b
2026-06-19T22:05:10.000Z,1,bm_soft_temperature_mean_13bits,temperature,°C,13.89,43.4726333,-70.3604833,0x5e54227b
2026-06-19T22:05:10.000Z,2,aanderaa_reading_count_10bits,reading_count,count,4.0,43.4726333,-70.3604833,0x5e54227b
2026-06-19T22:35:10.000Z,3,bm_do_temperature_mean_16bits,temperature,°C,8.492,43.4726333,-70.3604833,0x5e54227b
2026-06-19T22:35:10.000Z,3,bm_do_saturation_pct_mean_18bits,percentage,%,92.492,43.4726333,-70.3604833,0x5e54227b
2026-06-19T22:35:10.000Z,3,bm_do_salinity_mean_13bits,mass_ratio,parts per thousand,35.0,43.4726333,-70.3604833,0x5e54227b
2026-06-19T22:35:10.000Z,3,bm_do_quality_mean_10bits,quality_ratio,unitless,0.912,43.4726333,-70.3604833,0x5e54227b
2026-06-19T22:35:10.000Z,3,bm_do_mg_per_l_mean_17bits,mass_concentration,mg/L,8.505,43.4726333,-70.3604833,0x5e54227b
2026-06-19T22:35:10.000Z,2,aanderaa_temperature_mean_13bits,temperature,°C,9.55,43.4726333,-70.3604833,0x5e54227b
2026-06-19T22:35:10.000Z,2,aanderaa_std_tilt_mean_8bits,tilt,rad,0.01,43.4726333,-70.3604833,0x5e54227b
2026-06-19T22:35:10.000Z,2,aanderaa_reading_count_10bits,reading_count,count,5.0,43.4726333,-70.3604833,0x5e54227b
2026-06-19T22:35:10.000Z,2,aanderaa_direction_circ_std_13bits,direction,rad,0.10400000000000001,43.4726333,-70.3604833,0x5e54227b
2026-06-19T22:35:10.000Z,2,aanderaa_direction_circ_mean_13bits,direction,rad,3.023,43.4726333,-70.3604833,0x5e54227b
2026-06-19T22:35:10.000Z,2,aanderaa_abs_tilt_mean_8bits,tilt,rad,0.11,43.4726333,-70.3604833,0x5e54227b
2026-06-19T22:35:10.000Z,2,aanderaa_abs_speed_std_15bits,speed,cm/s,0.61,43.4726333,-70.3604833,0x5e54227b
2026-06-19T22:35:10.000Z,2,aanderaa_abs_speed_mean_15bits,speed,cm/s,8.4,43.4726333,-70.3604833,0x5e54227b
2026-06-19T22:35:10.000Z,1,bm_soft_temperature_mean_13bits,temperature,°C,13.940000000000001,43.4726333,-70.3604833,0x5e54227b
2026-06-19T23:05:10.000Z,3,bm_do_saturation_pct_mean_18bits,percentage,%,91.63,43.4727,-70.3604833,0x5e54227b
2026-06-19T23:05:10.000Z,3,bm_do_salinity_mean_13bits,mass_ratio,parts per thousand,35.0,43.4727,-70.3604833,0x5e54227b
2026-06-19T23:05:10.000Z,3,bm_do_quality_mean_10bits,quality_ratio,unitless,0.912,43.4727,-70.3604833,0x5e54227b
2026-06-19T23:05:10.000Z,3,bm_do_temperature_mean_16bits,temperature,°C,8.445,43.4727,-70.3604833,0x5e54227b
2026-06-19T23:05:10.000Z,3,bm_do_mg_per_l_mean_17bits,mass_concentration,mg/L,8.436,43.4727,-70.3604833,0x5e54227b
2026-06-19T23:05:10.000Z,2,aanderaa_temperature_mean_13bits,temperature,°C,9.48,43.4727,-70.3604833,0x5e54227b
2026-06-19T23:05:10.000Z,2,aanderaa_std_tilt_mean_8bits,tilt,rad,0.02,43.4727,-70.3604833,0x5e54227b
2026-06-19T23:05:10.000Z,2,aanderaa_abs_tilt_mean_8bits,tilt,rad,0.14,43.4727,-70.3604833,0x5e54227b
2026-06-19T23:05:10.000Z,2,aanderaa_direction_circ_std_13bits,direction,rad,0.167,43.4727,-70.3604833,0x5e54227b
2026-06-19T23:05:10.000Z,2,aanderaa_direction_circ_mean_13bits,direction,rad,3.096,43.4727,-70.3604833,0x5e54227b
2026-06-19T23:05:10.000Z,2,aanderaa_abs_speed_std_15bits,speed,cm/s,1.27,43.4727,-70.3604833,0x5e54227b
2026-06-19T23:05:10.000Z,2,aanderaa_abs_speed_mean_15bits,speed,cm/s,6.58,43.4727,-70.3604833,0x5e54227b
2026-06-19T23:05:10.000Z,1,bm_soft_temperature_mean_13bits,temperature,°C,13.95,43.4727,-70.3604833,0x5e54227b
2026-06-19T23:05:10.000Z,2,aanderaa_reading_count_10bits,reading_count,count,5.0,43.4727,-70.3604833,0x5e54227b
2026-06-19T23:35:10.000Z,3,bm_do_salinity_mean_13bits,mass_ratio,parts per thousand,35.0,43.4727,-70.3604833,0x5e54227b
2026-06-19T23:35:10.000Z,3,bm_do_quality_mean_10bits,quality_ratio,unitless,0.912,43.4727,-70.3604833,0x5e54227b
2026-06-19T23:35:10.000Z,3,bm_do_mg_per_l_mean_17bits,mass_concentration,mg/L,8.431000000000001,43.4727,-70.3604833,0x5e54227b
2026-06-19T23:35:10.000Z,2,aanderaa_temperature_mean_13bits,temperature,°C,9.48,43.4727,-70.3604833,0x5e54227b
2026-06-19T23:35:10.000Z,2,aanderaa_std_tilt_mean_8bits,tilt,rad,0.01,43.4727,-70.3604833,0x5e54227b
2026-06-19T23:35:10.000Z,2,aanderaa_reading_count_10bits,reading_count,count,5.0,43.4727,-70.3604833,0x5e54227b
2026-06-19T23:35:10.000Z,2,aanderaa_abs_tilt_mean_8bits,tilt,rad,0.13,43.4727,-70.3604833,0x5e54227b
2026-06-19T23:35:10.000Z,2,aanderaa_direction_circ_mean_13bits,direction,rad,3.6830000000000003,43.4727,-70.3604833,0x5e54227b
2026-06-19T23:35:10.000Z,2,aanderaa_abs_speed_std_15bits,speed,cm/s,0.96,43.4727,-70.3604833,0x5e54227b
2026-06-19T23:35:10.000Z,2,aanderaa_abs_speed_mean_15bits,speed,cm/s,7.4,43.4727,-70.3604833,0x5e54227b
2026-06-19T23:35:10.000Z,1,bm_soft_temperature_mean_13bits,temperature,°C,13.940000000000001,43.4727,-70.3604833,0x5e54227b
2026-06-19T23:35:10.000Z,3,bm_do_saturation_pct_mean_18bits,percentage,%,91.411,43.4727,-70.3604833,0x5e54227b
2026-06-19T23:35:10.000Z,2,aanderaa_direction_circ_std_13bits,direction,rad,0.181,43.4727,-70.3604833,0x5e54227b
2026-06-19T23:35:10.000Z,3,bm_do_temperature_mean_16bits,temperature,°C,8.360000000000001,43.4727,-70.3604833,0x5e54227b
