Epoch Time,Processing Source,Battery Voltage (V),Power (W),Humidity (%rel),Solar Voltage (V),Comm Source
1790197200,status,4.04,0,51.31,7.24,cellular
1790198100,status,4.04,0,51.58,7.1,cellular
1790199300,status,4.04,0.04,52,7,cellular
1790199310,status,4.07,1.01,52,6.56,cellular
1790206510,status,4.01,-1.09,61.6,0.11,cellular
1790224510,status,3.99,-1.05,76,0.11,cellular
1790242510,status,3.96,-1.1,80.8,0.11,cellular
1790262000,status,4.04,0,66.3,7.41,cellular
1790272800,status,4.04,0,51.93,7.31,cellular
1790273700,status,4.04,0,51.2,7.15,cellular
1790276400,status,4.04,0,47.95,7.31,cellular
1790278510,status,4.04,0,47.2,6.89,cellular
1790282110,status,4.04,0,46.4,6.89,cellular
1790288100,status,4.06,0.73,47.55,6.12,cellular
1790298900,status,4,-0.84,63.49,0.13,cellular
1790321710,status,3.96,-1.08,78.4,0.11,cellular
1790343310,status,4.04,0,74.4,7,cellular
1790361310,status,4.07,1.08,60,6.56,cellular
1790374500,status,4.02,-0.8,67.87,5.86,cellular
1790386510,status,3.99,-1.07,76,0.11,cellular
1790408111,status,3.96,-1.12,80.8,0.11,cellular
1790427600,status,3.99,0.88,80.8,5.86,cellular
1790442000,status,4.03,0,76.17,7.21,cellular
1790451311,status,4.04,0.34,74.4,6,cellular
1790462111,status,4.01,-1.07,77.6,3.11,cellular
1790471700,status,4,-0.84,80.58,0.13,cellular
1790496000,status,3.98,-0.16,83.23,0.12,cellular
1790519710,status,3.96,-0.37,82.4,5.89,cellular
1790534110,status,3.93,-0.85,80.8,5.89,cellular
1790546400,status,3.94,-0.16,81.42,4.54,cellular
1790555710,status,3.9,-1.11,83.2,0.11,cellular
1790577310,status,3.87,-1.06,84.8,0.11,cellular
1790608500,status,3.86,-0.54,83.37,5.87,cellular
1790631310,status,3.87,-1.07,82.4,5.67,cellular
1790645710,status,3.84,-1.02,84.8,0.11,cellular
1790670910,status,3.79,-1.09,85.6,0.11,cellular
1790696110,status,3.96,1.66,72.8,6.44,cellular
1790714110,status,3.96,-0.65,72,5.89,cellular
1790727300,status,3.92,-0.82,77.08,0.13,cellular
1790750110,status,3.9,-0.98,80.8,0.11,cellular
1790775310,status,3.9,-0.22,79.2,5.89,cellular
1790795700,status,3.96,-0.2,71.09,5.86,cellular
1790811310,status,3.96,-1.1,75.2,0.11,cellular
1790832910,status,3.93,-1.04,80.8,0.11,cellular
1790860500,status,3.95,0.79,83.24,5.87,cellular
1790883300,status,4.04,0.18,60.8,7,cellular
1790897710,status,4.01,-1.02,71.2,0.11,cellular
1790919310,status,3.96,-0.9,76,0.11,cellular
